-- MySQL dump 10.13  Distrib 5.1.63, for debian-linux-gnu (i486)
--
-- Host: localhost    Database: punns
-- ------------------------------------------------------
-- Server version	5.1.63-0ubuntu0.10.04.1

/*!40101 SET @OLD_CHARACTER_SET_CLIENT=@@CHARACTER_SET_CLIENT */;
/*!40101 SET @OLD_CHARACTER_SET_RESULTS=@@CHARACTER_SET_RESULTS */;
/*!40101 SET @OLD_COLLATION_CONNECTION=@@COLLATION_CONNECTION */;
/*!40101 SET NAMES utf8 */;
/*!40103 SET @OLD_TIME_ZONE=@@TIME_ZONE */;
/*!40103 SET TIME_ZONE='+00:00' */;
/*!40014 SET @OLD_UNIQUE_CHECKS=@@UNIQUE_CHECKS, UNIQUE_CHECKS=0 */;
/*!40014 SET @OLD_FOREIGN_KEY_CHECKS=@@FOREIGN_KEY_CHECKS, FOREIGN_KEY_CHECKS=0 */;
/*!40101 SET @OLD_SQL_MODE=@@SQL_MODE, SQL_MODE='NO_AUTO_VALUE_ON_ZERO' */;
/*!40111 SET @OLD_SQL_NOTES=@@SQL_NOTES, SQL_NOTES=0 */;

--
-- Table structure for table `accounts_userprofile`
--

DROP TABLE IF EXISTS `accounts_userprofile`;
/*!40101 SET @saved_cs_client     = @@character_set_client */;
/*!40101 SET character_set_client = utf8 */;
CREATE TABLE `accounts_userprofile` (
  `id` int(11) NOT NULL AUTO_INCREMENT,
  `user_id` int(11) NOT NULL,
  `description` varchar(160) NOT NULL,
  `avatar` varchar(100) NOT NULL,
  `domain` varchar(50) NOT NULL,
  `location` varchar(50) NOT NULL,
  `pro_user` tinyint(1) NOT NULL DEFAULT '1',
  `language` varchar(2) NOT NULL DEFAULT 'en',
  `analytics_account` varchar(50) NOT NULL,
  PRIMARY KEY (`id`),
  UNIQUE KEY `user_id` (`user_id`)
) ENGINE=MyISAM AUTO_INCREMENT=3 DEFAULT CHARSET=latin1;
/*!40101 SET character_set_client = @saved_cs_client */;

--
-- Dumping data for table `accounts_userprofile`
--

LOCK TABLES `accounts_userprofile` WRITE;
/*!40000 ALTER TABLE `accounts_userprofile` DISABLE KEYS */;
INSERT INTO `accounts_userprofile` VALUES (1,1,'','','http://punnit.ca/','',1,'en',''),(2,2,'','','','',1,'en','');
/*!40000 ALTER TABLE `accounts_userprofile` ENABLE KEYS */;
UNLOCK TABLES;

--
-- Table structure for table `auth_group`
--

DROP TABLE IF EXISTS `auth_group`;
/*!40101 SET @saved_cs_client     = @@character_set_client */;
/*!40101 SET character_set_client = utf8 */;
CREATE TABLE `auth_group` (
  `id` int(11) NOT NULL AUTO_INCREMENT,
  `name` varchar(80) NOT NULL,
  PRIMARY KEY (`id`),
  UNIQUE KEY `name` (`name`)
) ENGINE=MyISAM DEFAULT CHARSET=latin1;
/*!40101 SET character_set_client = @saved_cs_client */;

--
-- Dumping data for table `auth_group`
--

LOCK TABLES `auth_group` WRITE;
/*!40000 ALTER TABLE `auth_group` DISABLE KEYS */;
/*!40000 ALTER TABLE `auth_group` ENABLE KEYS */;
UNLOCK TABLES;

--
-- Table structure for table `auth_group_permissions`
--

DROP TABLE IF EXISTS `auth_group_permissions`;
/*!40101 SET @saved_cs_client     = @@character_set_client */;
/*!40101 SET character_set_client = utf8 */;
CREATE TABLE `auth_group_permissions` (
  `id` int(11) NOT NULL AUTO_INCREMENT,
  `group_id` int(11) NOT NULL,
  `permission_id` int(11) NOT NULL,
  PRIMARY KEY (`id`),
  UNIQUE KEY `group_id` (`group_id`,`permission_id`),
  KEY `auth_group_permissions_425ae3c4` (`group_id`),
  KEY `auth_group_permissions_1e014c8f` (`permission_id`)
) ENGINE=MyISAM DEFAULT CHARSET=latin1;
/*!40101 SET character_set_client = @saved_cs_client */;

--
-- Dumping data for table `auth_group_permissions`
--

LOCK TABLES `auth_group_permissions` WRITE;
/*!40000 ALTER TABLE `auth_group_permissions` DISABLE KEYS */;
/*!40000 ALTER TABLE `auth_group_permissions` ENABLE KEYS */;
UNLOCK TABLES;

--
-- Table structure for table `auth_permission`
--

DROP TABLE IF EXISTS `auth_permission`;
/*!40101 SET @saved_cs_client     = @@character_set_client */;
/*!40101 SET character_set_client = utf8 */;
CREATE TABLE `auth_permission` (
  `id` int(11) NOT NULL AUTO_INCREMENT,
  `name` varchar(50) NOT NULL,
  `content_type_id` int(11) NOT NULL,
  `codename` varchar(100) NOT NULL,
  PRIMARY KEY (`id`),
  UNIQUE KEY `content_type_id` (`content_type_id`,`codename`),
  KEY `auth_permission_1bb8f392` (`content_type_id`)
) ENGINE=MyISAM AUTO_INCREMENT=40 DEFAULT CHARSET=latin1;
/*!40101 SET character_set_client = @saved_cs_client */;

--
-- Dumping data for table `auth_permission`
--

LOCK TABLES `auth_permission` WRITE;
/*!40000 ALTER TABLE `auth_permission` DISABLE KEYS */;
INSERT INTO `auth_permission` VALUES (1,'Can add permission',1,'add_permission'),(2,'Can change permission',1,'change_permission'),(3,'Can delete permission',1,'delete_permission'),(4,'Can add group',2,'add_group'),(5,'Can change group',2,'change_group'),(6,'Can delete group',2,'delete_group'),(7,'Can add user',3,'add_user'),(8,'Can change user',3,'change_user'),(9,'Can delete user',3,'delete_user'),(10,'Can add content type',4,'add_contenttype'),(11,'Can change content type',4,'change_contenttype'),(12,'Can delete content type',4,'delete_contenttype'),(13,'Can add session',5,'add_session'),(14,'Can change session',5,'change_session'),(15,'Can delete session',5,'delete_session'),(16,'Can add site',6,'add_site'),(17,'Can change site',6,'change_site'),(18,'Can delete site',6,'delete_site'),(19,'Can add log entry',7,'add_logentry'),(20,'Can change log entry',7,'change_logentry'),(21,'Can delete log entry',7,'delete_logentry'),(22,'Can add migration history',8,'add_migrationhistory'),(23,'Can change migration history',8,'change_migrationhistory'),(24,'Can delete migration history',8,'delete_migrationhistory'),(25,'Can add kv store',9,'add_kvstore'),(26,'Can change kv store',9,'change_kvstore'),(27,'Can delete kv store',9,'delete_kvstore'),(28,'Can add punn',10,'add_punn'),(29,'Can change punn',10,'change_punn'),(30,'Can delete punn',10,'delete_punn'),(31,'Can add comment',11,'add_comment'),(32,'Can change comment',11,'change_comment'),(33,'Can delete comment',11,'delete_comment'),(34,'Can add user profile',12,'add_userprofile'),(35,'Can change user profile',12,'change_userprofile'),(36,'Can delete user profile',12,'delete_userprofile'),(37,'Can add image',13,'add_image'),(38,'Can change image',13,'change_image'),(39,'Can delete image',13,'delete_image');
/*!40000 ALTER TABLE `auth_permission` ENABLE KEYS */;
UNLOCK TABLES;

--
-- Table structure for table `auth_user`
--

DROP TABLE IF EXISTS `auth_user`;
/*!40101 SET @saved_cs_client     = @@character_set_client */;
/*!40101 SET character_set_client = utf8 */;
CREATE TABLE `auth_user` (
  `id` int(11) NOT NULL AUTO_INCREMENT,
  `username` varchar(30) NOT NULL,
  `first_name` varchar(30) NOT NULL,
  `last_name` varchar(30) NOT NULL,
  `email` varchar(75) NOT NULL,
  `password` varchar(128) NOT NULL,
  `is_staff` tinyint(1) NOT NULL,
  `is_active` tinyint(1) NOT NULL,
  `is_superuser` tinyint(1) NOT NULL,
  `last_login` datetime NOT NULL,
  `date_joined` datetime NOT NULL,
  PRIMARY KEY (`id`),
  UNIQUE KEY `username` (`username`)
) ENGINE=MyISAM AUTO_INCREMENT=3 DEFAULT CHARSET=latin1;
/*!40101 SET character_set_client = @saved_cs_client */;

--
-- Dumping data for table `auth_user`
--

LOCK TABLES `auth_user` WRITE;
/*!40000 ALTER TABLE `auth_user` DISABLE KEYS */;
INSERT INTO `auth_user` VALUES (1,'gab','','','gabriel@dancau.se','pbkdf2_sha256$10000$apEKmwYc32xh$2tRm4LqXze/NYs56qn/AeuZUBkcR//9w7ps8tqEQ8XM=',1,1,1,'2012-08-26 23:22:54','2012-08-04 13:51:25'),(2,'VoteDoncCa','','','','pbkdf2_sha256$10000$TmqC5XmBzZP1$a6ImxENzVx57ldFLEPoP7qtTp7KuVS814dw9x/E3hlw=',1,1,0,'2012-08-22 15:08:26','2012-08-22 14:54:02');
/*!40000 ALTER TABLE `auth_user` ENABLE KEYS */;
UNLOCK TABLES;

--
-- Table structure for table `auth_user_groups`
--

DROP TABLE IF EXISTS `auth_user_groups`;
/*!40101 SET @saved_cs_client     = @@character_set_client */;
/*!40101 SET character_set_client = utf8 */;
CREATE TABLE `auth_user_groups` (
  `id` int(11) NOT NULL AUTO_INCREMENT,
  `user_id` int(11) NOT NULL,
  `group_id` int(11) NOT NULL,
  PRIMARY KEY (`id`),
  UNIQUE KEY `user_id` (`user_id`,`group_id`),
  KEY `auth_user_groups_403f60f` (`user_id`),
  KEY `auth_user_groups_425ae3c4` (`group_id`)
) ENGINE=MyISAM DEFAULT CHARSET=latin1;
/*!40101 SET character_set_client = @saved_cs_client */;

--
-- Dumping data for table `auth_user_groups`
--

LOCK TABLES `auth_user_groups` WRITE;
/*!40000 ALTER TABLE `auth_user_groups` DISABLE KEYS */;
/*!40000 ALTER TABLE `auth_user_groups` ENABLE KEYS */;
UNLOCK TABLES;

--
-- Table structure for table `auth_user_user_permissions`
--

DROP TABLE IF EXISTS `auth_user_user_permissions`;
/*!40101 SET @saved_cs_client     = @@character_set_client */;
/*!40101 SET character_set_client = utf8 */;
CREATE TABLE `auth_user_user_permissions` (
  `id` int(11) NOT NULL AUTO_INCREMENT,
  `user_id` int(11) NOT NULL,
  `permission_id` int(11) NOT NULL,
  PRIMARY KEY (`id`),
  UNIQUE KEY `user_id` (`user_id`,`permission_id`),
  KEY `auth_user_user_permissions_403f60f` (`user_id`),
  KEY `auth_user_user_permissions_1e014c8f` (`permission_id`)
) ENGINE=MyISAM AUTO_INCREMENT=40 DEFAULT CHARSET=latin1;
/*!40101 SET character_set_client = @saved_cs_client */;

--
-- Dumping data for table `auth_user_user_permissions`
--

LOCK TABLES `auth_user_user_permissions` WRITE;
/*!40000 ALTER TABLE `auth_user_user_permissions` DISABLE KEYS */;
INSERT INTO `auth_user_user_permissions` VALUES (1,2,1),(2,2,2),(3,2,3),(4,2,4),(5,2,5),(6,2,6),(7,2,7),(8,2,8),(9,2,9),(10,2,10),(11,2,11),(12,2,12),(13,2,13),(14,2,14),(15,2,15),(16,2,16),(17,2,17),(18,2,18),(19,2,19),(20,2,20),(21,2,21),(22,2,22),(23,2,23),(24,2,24),(25,2,25),(26,2,26),(27,2,27),(28,2,28),(29,2,29),(30,2,30),(31,2,31),(32,2,32),(33,2,33),(34,2,34),(35,2,35),(36,2,36),(37,2,37),(38,2,38),(39,2,39);
/*!40000 ALTER TABLE `auth_user_user_permissions` ENABLE KEYS */;
UNLOCK TABLES;

--
-- Table structure for table `comments_comment`
--

DROP TABLE IF EXISTS `comments_comment`;
/*!40101 SET @saved_cs_client     = @@character_set_client */;
/*!40101 SET character_set_client = utf8 */;
CREATE TABLE `comments_comment` (
  `id` int(11) NOT NULL AUTO_INCREMENT,
  `content` longtext NOT NULL,
  `base62id` varchar(140) NOT NULL,
  `author_id` int(11) NOT NULL,
  `punn_id` int(11) NOT NULL,
  `karma` int(11) NOT NULL DEFAULT '0',
  `parent_id` int(11) DEFAULT NULL,
  `created` datetime NOT NULL,
  `pub_date` datetime DEFAULT NULL,
  PRIMARY KEY (`id`),
  KEY `comments_comment_337b96ff` (`author_id`),
  KEY `comments_comment_78c68c63` (`punn_id`),
  KEY `comments_comment_63f17a16` (`parent_id`)
) ENGINE=MyISAM DEFAULT CHARSET=latin1;
/*!40101 SET character_set_client = @saved_cs_client */;

--
-- Dumping data for table `comments_comment`
--

LOCK TABLES `comments_comment` WRITE;
/*!40000 ALTER TABLE `comments_comment` DISABLE KEYS */;
/*!40000 ALTER TABLE `comments_comment` ENABLE KEYS */;
UNLOCK TABLES;

--
-- Table structure for table `django_admin_log`
--

DROP TABLE IF EXISTS `django_admin_log`;
/*!40101 SET @saved_cs_client     = @@character_set_client */;
/*!40101 SET character_set_client = utf8 */;
CREATE TABLE `django_admin_log` (
  `id` int(11) NOT NULL AUTO_INCREMENT,
  `action_time` datetime NOT NULL,
  `user_id` int(11) NOT NULL,
  `content_type_id` int(11) DEFAULT NULL,
  `object_id` longtext,
  `object_repr` varchar(200) NOT NULL,
  `action_flag` smallint(5) unsigned NOT NULL,
  `change_message` longtext NOT NULL,
  PRIMARY KEY (`id`),
  KEY `django_admin_log_403f60f` (`user_id`),
  KEY `django_admin_log_1bb8f392` (`content_type_id`)
) ENGINE=MyISAM AUTO_INCREMENT=418 DEFAULT CHARSET=latin1;
/*!40101 SET character_set_client = @saved_cs_client */;

--
-- Dumping data for table `django_admin_log`
--

LOCK TABLES `django_admin_log` WRITE;
/*!40000 ALTER TABLE `django_admin_log` DISABLE KEYS */;
INSERT INTO `django_admin_log` VALUES (1,'2012-08-05 23:48:10',1,10,'1','Vite, donnez-lui de l\'amour!',1,''),(2,'2012-08-05 23:48:45',1,13,'1','1',1,''),(3,'2012-08-05 23:52:10',1,10,'2','Manarola, Italie',1,''),(4,'2012-08-05 23:52:42',1,13,'2','2',1,''),(5,'2012-08-05 23:56:10',1,10,'3','Ålesund, Norvège',1,''),(6,'2012-08-05 23:56:33',1,10,'4','Toronto',1,''),(7,'2012-08-05 23:56:46',1,10,'5','Berne, Suisse',1,''),(8,'2012-08-05 23:57:04',1,10,'6','Ah, l\'Allemagne',1,''),(9,'2012-08-05 23:57:36',1,13,'3','3',1,''),(10,'2012-08-05 23:58:11',1,13,'4','4',1,''),(11,'2012-08-05 23:58:38',1,13,'5','5',1,''),(12,'2012-08-06 00:00:14',1,13,'6','6',1,''),(13,'2012-08-06 00:17:38',1,6,'1','punn.it',2,'Changed domain and name.'),(14,'2012-08-07 00:14:52',1,6,'2','pourlequebec.org',1,''),(15,'2012-08-07 00:17:25',1,6,'3','tweeds.org',1,''),(16,'2012-08-07 00:26:39',1,6,'2','pourlequebec.org',3,''),(17,'2012-08-07 00:26:39',1,6,'3','tweeds.org',3,''),(18,'2012-08-07 00:26:58',1,6,'4','punnit.ca',1,''),(19,'2012-08-08 15:34:46',1,6,'5','votedonc.ca',1,''),(20,'2012-08-08 15:48:38',1,6,'4','punnit.ca',3,''),(21,'2012-08-09 11:03:12',1,10,'7','Première image',1,''),(22,'2012-08-09 11:05:19',1,13,'7','7',1,''),(23,'2012-08-09 11:05:31',1,13,'7','7',2,'No fields changed.'),(24,'2012-08-09 12:25:40',1,10,'8','Les armoiries de Jacques Duchesneau',1,''),(25,'2012-08-09 12:25:48',1,13,'8','8',1,''),(26,'2012-08-09 12:27:15',1,10,'9','Khadafi était pas si pire selon un candidat d’ON.  ',1,''),(27,'2012-08-09 12:27:26',1,13,'9','9',1,''),(28,'2012-08-09 12:28:45',1,13,'1','1',3,''),(29,'2012-08-09 12:28:45',1,13,'2','2',3,''),(30,'2012-08-09 12:28:45',1,13,'3','3',3,''),(31,'2012-08-09 12:28:45',1,13,'4','4',3,''),(32,'2012-08-09 12:28:45',1,13,'5','5',3,''),(33,'2012-08-09 12:28:45',1,13,'6','6',3,''),(34,'2012-08-09 12:32:42',1,10,'10','Citation de Pauline Marois',1,''),(35,'2012-08-09 12:33:00',1,13,'10','10',1,''),(36,'2012-08-09 12:35:23',1,10,'11','Al Capone, 2012',1,''),(37,'2012-08-09 12:35:32',1,13,'11','11',1,''),(38,'2012-08-09 12:36:05',1,10,'12','Ils sont de retour',1,''),(39,'2012-08-09 12:36:14',1,13,'12','12',1,''),(40,'2012-08-09 12:36:45',1,10,'13','Bof',1,''),(41,'2012-08-09 12:36:52',1,13,'13','13',1,''),(42,'2012-08-09 12:37:39',1,10,'14','Francois Legault et ses tweeds',1,''),(43,'2012-08-09 12:37:49',1,13,'14','14',1,''),(44,'2012-08-09 12:39:31',1,10,'15','Le candidat ésotérique de la CAQ.  ',1,''),(45,'2012-08-09 12:39:44',1,13,'15','15',1,''),(46,'2012-08-09 12:40:35',1,10,'16','Extrémisme totalitaire',1,''),(47,'2012-08-09 12:40:45',1,13,'16','16',1,''),(48,'2012-08-09 12:51:23',1,10,'17','Cétacé, faut que ca change',1,''),(49,'2012-08-09 12:51:36',1,13,'17','17',1,''),(50,'2012-08-09 12:51:57',1,10,'18','Sureté du parti Libéral',1,''),(51,'2012-08-09 12:52:57',1,13,'18','18',1,''),(52,'2012-08-09 12:54:46',1,10,'19','Citation de Francois Pérusse',1,''),(53,'2012-08-09 12:54:52',1,13,'19','19',1,''),(54,'2012-08-09 13:36:29',1,10,'20','[Caricature] Jean Charest suite au depart de Gabriel Nadeau-Dubois',1,''),(55,'2012-08-09 13:36:35',1,13,'20','20',1,''),(56,'2012-08-09 13:47:13',1,10,'21','Stéphane Gendron aime Jean Charest',1,''),(57,'2012-08-09 13:47:23',1,13,'21','21',1,''),(58,'2012-08-09 13:48:42',1,10,'22','Putain ça craint!',1,''),(59,'2012-08-09 13:48:45',1,13,'22','22',1,''),(60,'2012-08-09 13:54:22',1,10,'23','Ou est Rebello?',1,''),(61,'2012-08-09 13:54:28',1,13,'23','23',1,''),(62,'2012-08-09 14:05:39',1,10,'24','Québec Solidaire est dans le champ.  ',1,''),(63,'2012-08-09 14:05:47',1,13,'24','24',1,''),(64,'2012-08-09 14:21:11',1,10,'25','La richesse d\'un chef',1,''),(65,'2012-08-09 14:21:17',1,13,'25','25',1,''),(66,'2012-08-09 15:04:13',1,6,'1','punn.it',2,'Changed name.'),(67,'2012-08-09 15:04:25',1,6,'5','votedonc.ca',2,'Changed name.'),(68,'2012-08-09 15:08:31',1,6,'1','http://punn.it',2,'Changed domain.'),(69,'2012-08-09 15:11:27',1,6,'1','http://punn.it',3,''),(70,'2012-08-09 15:13:31',1,6,'5','http://votedonc.ca',2,'Changed domain.'),(71,'2012-08-09 15:13:55',1,6,'5','http://votedonc.ca/',2,'Changed domain.'),(72,'2012-08-09 15:14:07',1,6,'5','votedonc.ca',2,'Changed domain.'),(73,'2012-08-09 16:46:01',1,10,'26','La démission du jedi',1,''),(74,'2012-08-09 16:46:18',1,13,'26','26',1,''),(75,'2012-08-09 16:59:18',1,10,'27','Selon un article de Playboy, Jean Charest aurait un frère jumeau qui habite Pigalle, en France.',1,''),(76,'2012-08-09 16:59:35',1,13,'27','27',1,''),(77,'2012-08-10 11:25:43',1,10,'28','Le JDM le confirme, Charest c\'est Legault',1,''),(78,'2012-08-10 11:25:50',1,13,'28','28',1,''),(79,'2012-08-10 11:26:38',1,10,'29','5 septembre 2012',1,''),(80,'2012-08-10 11:26:43',1,13,'29','29',1,''),(81,'2012-08-10 11:27:01',1,10,'30','La pensée du jour',1,''),(82,'2012-08-10 11:27:11',1,13,'30','30',1,''),(83,'2012-08-10 11:27:45',1,10,'31','Sous aucune influence',1,''),(84,'2012-08-10 11:27:52',1,13,'31','31',1,''),(85,'2012-08-10 11:50:44',1,10,'32','L\'équipe d\'Enquête sur le terrain',1,''),(86,'2012-08-10 11:50:49',1,13,'32','32',1,''),(87,'2012-08-10 12:10:48',1,10,'33','La Girouette Olympique',1,''),(88,'2012-08-10 12:10:53',1,13,'33','33',1,''),(89,'2012-08-10 12:20:43',1,10,'34','L\'arrivée de Jacques Duchesneau dans la campagne.',1,''),(90,'2012-08-10 12:20:47',1,13,'34','34',1,''),(91,'2012-08-10 12:51:40',1,10,'35','Bra-vo. Visser des pancartes dans les arbres.  ',1,''),(92,'2012-08-10 12:51:43',1,13,'35','35',1,''),(93,'2012-08-10 13:10:07',1,10,'36','Combat de pancartes',1,''),(94,'2012-08-10 13:21:38',1,13,'35','35',2,'Changed image.'),(95,'2012-08-10 13:22:27',1,13,'36','36',1,''),(96,'2012-08-10 13:31:40',1,10,'37','En ce moment..',1,''),(97,'2012-08-10 13:31:45',1,13,'37','37',1,''),(98,'2012-08-10 13:32:08',1,10,'38','Depuis que le PLQ est sur Twitter',1,''),(99,'2012-08-10 13:32:11',1,13,'38','38',1,''),(100,'2012-08-10 13:33:10',1,10,'37','En ce moment..',2,'No fields changed.'),(101,'2012-08-10 13:33:39',1,10,'37','En ce moment..',3,''),(102,'2012-08-10 13:33:39',1,10,'38','Depuis que le PLQ est sur Twitter',3,''),(103,'2012-08-10 13:34:50',1,10,'39','En ce moment..',1,''),(104,'2012-08-10 13:34:53',1,13,'39','39',1,''),(105,'2012-08-10 13:36:36',1,10,'39','En ce moment..',3,''),(106,'2012-08-10 13:38:07',1,10,'40','test',1,''),(107,'2012-08-10 13:38:32',1,13,'40','40',1,''),(108,'2012-08-10 13:39:20',1,10,'40','test',3,''),(109,'2012-08-10 14:02:26',1,10,'41','test',1,''),(110,'2012-08-10 14:02:39',1,13,'41','41',1,''),(111,'2012-08-10 14:02:56',1,13,'41','41',3,''),(112,'2012-08-10 14:03:08',1,10,'41','test',3,''),(113,'2012-08-10 14:08:01',1,10,'42','En ce moment..',1,''),(114,'2012-08-10 14:08:02',1,13,'42','42',1,''),(115,'2012-08-10 14:08:18',1,10,'43','Depuis que le PLQ est sur Twitter',1,''),(116,'2012-08-10 14:08:20',1,13,'43','43',1,''),(117,'2012-08-10 14:08:46',1,10,'44','Le logo de la CAQ et la semaine européenne de l’open data ',1,''),(118,'2012-08-10 14:09:58',1,13,'44','44',1,''),(119,'2012-08-10 14:21:15',1,10,'44','Le logo de la CAQ est identique à celui de la semaine européenne de l’open data',2,'Changed title.'),(120,'2012-08-10 14:49:34',1,10,'45','Placement publicitaire',1,''),(121,'2012-08-10 14:49:37',1,13,'45','45',1,''),(122,'2012-08-10 14:50:25',1,10,'45','Placement publicitaire',2,'Changed source.'),(123,'2012-08-10 14:58:36',1,10,'46','1000$',1,''),(124,'2012-08-10 14:58:45',1,13,'46','46',1,''),(125,'2012-08-10 14:59:06',1,13,'46','46',2,'No fields changed.'),(126,'2012-08-10 15:00:18',1,10,'47','Legault ne touche plus à terre ',1,''),(127,'2012-08-10 15:00:21',1,13,'47','47',1,''),(128,'2012-08-10 15:18:36',1,10,'48','Pauline Marois aime le yogourt mais pas toujours',1,''),(129,'2012-08-10 15:18:38',1,13,'48','48',1,''),(130,'2012-08-10 15:35:28',1,10,'49','L\'émission humoristique de l\'année',1,''),(131,'2012-08-10 15:35:34',1,13,'49','49',1,''),(132,'2012-08-10 16:03:29',1,10,'50','Erreur 404, programme introuvable',1,''),(133,'2012-08-10 16:03:49',1,13,'50','50',1,''),(134,'2012-08-10 16:44:48',1,10,'51','Bébé autobus',1,''),(135,'2012-08-10 16:44:51',1,13,'51','51',1,''),(136,'2012-08-10 16:44:55',1,13,'51','51',2,'No fields changed.'),(137,'2012-08-10 16:52:30',1,10,'52','CAQophonie',1,''),(138,'2012-08-10 16:52:35',1,13,'52','52',1,''),(139,'2012-08-10 17:47:45',1,10,'53',' En manque de nouveaux candidats-vedettes',1,''),(140,'2012-08-10 17:47:48',1,13,'53','53',1,''),(141,'2012-08-11 00:09:53',1,10,'54','test',1,''),(142,'2012-08-11 00:10:32',1,13,'54','54',1,''),(143,'2012-08-11 00:10:58',1,13,'54','54',3,''),(144,'2012-08-11 00:11:11',1,10,'54','test',3,''),(145,'2012-08-11 00:18:13',1,10,'1','Vite, donnez-lui de l\'amour!',2,'Changed pic.'),(146,'2012-08-11 00:18:49',1,10,'53',' En manque de nouveaux candidats-vedettes',2,'Changed pic.'),(147,'2012-08-11 00:19:17',1,10,'52','CAQophonie',2,'Changed pic.'),(148,'2012-08-11 00:19:39',1,10,'51','Bébé autobus',2,'Changed pic.'),(149,'2012-08-11 00:20:04',1,10,'50','Erreur 404, programme introuvable',2,'Changed pic.'),(150,'2012-08-11 00:20:20',1,10,'49','L\'émission humoristique de l\'année',2,'Changed pic.'),(151,'2012-08-11 00:20:37',1,10,'48','Pauline Marois aime le yogourt mais pas toujours',2,'Changed pic.'),(152,'2012-08-11 00:24:48',1,10,'42','En ce moment..',2,'Changed pic.'),(153,'2012-08-11 00:25:22',1,10,'29','5 septembre 2012',2,'Changed pic.'),(154,'2012-08-11 00:25:36',1,10,'28','Le JDM le confirme, Charest c\'est Legault',2,'Changed pic.'),(155,'2012-08-11 00:25:53',1,10,'27','Selon un article de Playboy, Jean Charest aurait un frère jumeau qui habite Pigalle, en France.',2,'Changed pic.'),(156,'2012-08-11 00:26:07',1,10,'26','La démission du jedi',2,'Changed pic.'),(157,'2012-08-11 00:26:21',1,10,'25','La richesse d\'un chef',2,'Changed pic.'),(158,'2012-08-11 00:26:35',1,10,'24','Québec Solidaire est dans le champ.  ',2,'Changed pic.'),(159,'2012-08-11 00:26:53',1,10,'23','Où est Rebello?',2,'Changed title and pic.'),(160,'2012-08-11 00:27:05',1,10,'22','Putain ça craint!',2,'Changed pic.'),(161,'2012-08-11 00:27:18',1,10,'21','Stéphane Gendron aime Jean Charest',2,'Changed pic.'),(162,'2012-08-11 00:27:34',1,10,'20','[Caricature] Jean Charest suite au depart de Gabriel Nadeau-Dubois',2,'Changed pic.'),(163,'2012-08-11 00:27:48',1,10,'19','Citation de Francois Pérusse',2,'Changed pic.'),(164,'2012-08-11 00:27:59',1,10,'18','Sureté du parti Libéral',2,'Changed pic.'),(165,'2012-08-11 00:28:13',1,10,'17','Cétacé, faut que ca change',2,'Changed pic.'),(166,'2012-08-11 00:28:33',1,10,'16','Extrémisme totalitaire',2,'Changed pic.'),(167,'2012-08-11 00:28:52',1,10,'15','Le candidat ésotérique de la CAQ.  ',2,'Changed pic.'),(168,'2012-08-11 00:29:05',1,10,'14','Francois Legault et ses tweeds',2,'Changed pic.'),(169,'2012-08-11 00:29:35',1,10,'13','Bof',3,''),(170,'2012-08-11 00:30:04',1,10,'12','Ils sont de retour',3,''),(171,'2012-08-11 00:30:23',1,10,'11','Al Capone, 2012',2,'Changed pic.'),(172,'2012-08-11 00:30:48',1,10,'10','Citation de Pauline Marois',2,'Changed pic.'),(173,'2012-08-11 00:31:19',1,10,'9','Khadafi était pas si pire selon un candidat d’ON.  ',2,'Changed pic.'),(174,'2012-08-11 00:31:33',1,10,'8','Les armoiries de Jacques Duchesneau',2,'Changed pic.'),(175,'2012-08-11 00:31:53',1,10,'7','Première image',2,'Changed pic.'),(176,'2012-08-11 00:32:31',1,10,'55','fdsa',1,''),(177,'2012-08-11 00:32:37',1,10,'55','fdsa',2,'Changed pic.'),(178,'2012-08-11 00:37:20',1,10,'1','Vite, donnez-lui de l\'amour!',3,''),(179,'2012-08-11 00:37:20',1,10,'2','Manarola, Italie',3,''),(180,'2012-08-11 00:37:20',1,10,'3','Ålesund, Norvège',3,''),(181,'2012-08-11 00:37:20',1,10,'4','Toronto',3,''),(182,'2012-08-11 00:37:20',1,10,'5','Berne, Suisse',3,''),(183,'2012-08-11 00:37:20',1,10,'6','Ah, l\'Allemagne',3,''),(184,'2012-08-11 00:42:14',1,10,'55','fdsa',3,''),(185,'2012-08-11 12:06:45',1,10,'56','C\'est chien!!! Parce qu\'il est gros!!!',1,''),(186,'2012-08-11 12:06:56',1,10,'56','C\'est chien!!! Parce qu\'il est gros!!!',2,'Changed pic.'),(187,'2012-08-11 12:11:22',1,10,'57','Le coût du fédéralisme',1,''),(188,'2012-08-11 13:11:08',1,10,'56','C\'est chien!!! Parce qu\'il est gros!!!',3,''),(189,'2012-08-11 14:17:15',1,10,'57','Le coût du fédéralisme',3,''),(190,'2012-08-13 11:10:35',1,10,'58','Licornes pour tous!',1,''),(191,'2012-08-13 11:10:49',1,10,'58','Licornes pour tous!',2,'Changed pic.'),(192,'2012-08-13 11:11:26',1,10,'59','Votez porte-parole!',1,''),(193,'2012-08-13 11:11:39',1,10,'59','Votez porte-parole!',2,'Changed pic.'),(194,'2012-08-13 11:12:25',1,10,'60','Copilote',1,''),(195,'2012-08-13 11:12:41',1,10,'60','Copilote',2,'Changed pic.'),(196,'2012-08-13 11:13:17',1,10,'61','Duo Legault',1,''),(197,'2012-08-13 11:13:23',1,10,'61','Duo Legault',2,'Changed pic.'),(198,'2012-08-13 11:57:48',1,10,'62','Paul Desmarais : Pour avoir le Québec.',1,''),(199,'2012-08-13 11:57:55',1,10,'62','Paul Desmarais : Pour avoir le Québec.',2,'Changed pic.'),(200,'2012-08-13 11:58:30',1,10,'62','Paul Desmarais : Pour avoir le Québec.',2,'No fields changed.'),(201,'2012-08-13 11:58:43',1,10,'62','Paul Desmarais : Pour avoir le Québec.',2,'Changed pic.'),(202,'2012-08-13 11:59:03',1,10,'62','Paul Desmarais : Pour avoir le Québec.',2,'Changed pic.'),(203,'2012-08-13 11:59:41',1,10,'62','Paul Desmarais : Pour avoir le Québec.',3,''),(204,'2012-08-13 11:59:59',1,10,'63','Paul Desmarais : Pour avoir le Québec',1,''),(205,'2012-08-13 12:00:06',1,10,'63','Paul Desmarais : Pour avoir le Québec',2,'No fields changed.'),(206,'2012-08-13 12:00:06',1,10,'63','Paul Desmarais : Pour avoir le Québec',2,'Changed pic.'),(207,'2012-08-13 12:00:10',1,10,'63','Paul Desmarais : Pour avoir le Québec',2,'No fields changed.'),(208,'2012-08-13 12:01:18',1,10,'63','Paul Desmarais : Pour avoir le Québec',3,''),(209,'2012-08-13 12:01:34',1,10,'64','Paul Desmarais : Pour avoir le Québec',1,''),(210,'2012-08-13 12:02:23',1,10,'64','Paul Desmarais : Pour avoir le Québec',2,'Changed pic.'),(211,'2012-08-13 14:23:59',1,10,'65','Chuck est dans la course',1,''),(212,'2012-08-13 14:24:07',1,10,'65','Chuck est dans la course',2,'Changed pic.'),(213,'2012-08-13 15:32:09',1,10,'66','Tony Accurso',1,''),(214,'2012-08-13 15:32:16',1,10,'66','Tony Accurso',2,'Changed pic.'),(215,'2012-08-13 15:32:19',1,10,'66','Tony Accurso',2,'No fields changed.'),(216,'2012-08-13 15:34:22',1,10,'67','Risque de collusion',1,''),(217,'2012-08-13 15:34:28',1,10,'67','Risque de collusion',2,'Changed pic.'),(218,'2012-08-13 15:34:29',1,10,'67','Risque de collusion',2,'No fields changed.'),(219,'2012-08-13 15:35:34',1,10,'68','Laurent Proulx',1,''),(220,'2012-08-13 15:35:41',1,10,'68','Laurent Proulx',2,'Changed pic.'),(221,'2012-08-13 15:35:42',1,10,'68','Laurent Proulx',2,'No fields changed.'),(222,'2012-08-13 15:36:14',1,10,'69','Retournez à l\'école!',1,''),(223,'2012-08-13 15:36:22',1,10,'69','Retournez à l\'école!',2,'Changed pic.'),(224,'2012-08-13 17:32:19',1,10,'70','Plan diabolique',1,''),(225,'2012-08-13 17:32:26',1,10,'70','Plan diabolique',2,'Changed pic.'),(226,'2012-08-14 14:13:29',1,10,'71','Gérard Deltell retrouvé',1,''),(227,'2012-08-14 14:13:39',1,10,'71','Gérard Deltell retrouvé',2,'Changed pic.'),(228,'2012-08-14 14:13:42',1,10,'71','Gérard Deltell retrouvé',2,'No fields changed.'),(229,'2012-08-14 14:15:06',1,10,'72','Question pour la CAQ',1,''),(230,'2012-08-14 14:15:17',1,10,'72','Question pour la CAQ',2,'Changed pic.'),(231,'2012-08-14 14:17:08',1,10,'72','Question pour la CAQ',2,'No fields changed.'),(232,'2012-08-14 14:37:22',1,10,'73','Pour les enveloppes',1,''),(233,'2012-08-14 14:37:29',1,10,'73','Pour les enveloppes',2,'Changed pic.'),(234,'2012-08-14 14:38:16',1,10,'74','Votez pour le mal',1,''),(235,'2012-08-14 14:38:23',1,10,'74','Votez pour le mal',2,'Changed pic.'),(236,'2012-08-14 14:38:45',1,10,'75','La belle vie!',1,''),(237,'2012-08-14 14:38:50',1,10,'75','La belle vie!',2,'Changed pic.'),(238,'2012-08-14 14:39:03',1,10,'76','Pour le futur!',1,''),(239,'2012-08-14 14:39:09',1,10,'76','Pour le futur!',2,'Changed pic.'),(240,'2012-08-14 14:39:37',1,10,'77','Pour le poivre!',1,''),(241,'2012-08-14 14:39:42',1,10,'77','Pour le poivre!',2,'Changed pic.'),(242,'2012-08-14 15:37:21',1,10,'78','Legaultzilla',1,''),(243,'2012-08-14 15:37:31',1,10,'78','Legaultzilla',2,'Changed pic.'),(244,'2012-08-14 15:46:49',1,10,'79','Forever alONe',1,''),(245,'2012-08-14 15:46:56',1,10,'79','Forever alONe',2,'Changed pic.'),(246,'2012-08-14 15:47:07',1,10,'80','Pour du sang neuf',1,''),(247,'2012-08-14 15:47:14',1,10,'80','Pour du sang neuf',2,'Changed pic.'),(248,'2012-08-14 16:18:42',1,10,'81','Buffet à volonté',1,''),(249,'2012-08-14 16:18:47',1,10,'81','Buffet à volonté',2,'Changed pic.'),(250,'2012-08-14 17:10:15',1,10,'82','Nouveau slogan',1,''),(251,'2012-08-14 17:10:20',1,10,'82','Nouveau slogan',2,'Changed pic.'),(252,'2012-08-14 17:19:57',1,10,'83','L\'ile Noire d\'Anticosti',1,''),(253,'2012-08-14 17:20:08',1,10,'83','L\'ile Noire d\'Anticosti',2,'Changed pic.'),(254,'2012-08-14 17:24:32',1,10,'84','Merci aux Justiciers Masqués pour la mention sur leur blogue',1,''),(255,'2012-08-14 17:24:40',1,10,'84','Merci aux Justiciers Masqués pour la mention sur leur blogue',2,'Changed pic.'),(256,'2012-08-14 17:42:51',1,10,'82','Nouveau slogan',2,'Changed source.'),(257,'2012-08-14 17:43:16',1,10,'64','Paul Desmarais : Pour avoir le Québec',2,'Changed source.'),(258,'2012-08-14 17:43:32',1,10,'65','Chuck est dans la course',2,'Changed source.'),(259,'2012-08-14 17:44:53',1,10,'66','Tony Accurso',2,'Changed source.'),(260,'2012-08-14 17:45:26',1,10,'68','Laurent Proulx',2,'Changed source.'),(261,'2012-08-14 17:46:10',1,10,'73','Pour les enveloppes',2,'Changed source.'),(262,'2012-08-14 17:47:06',1,10,'74','Votez pour le mal',2,'Changed source.'),(263,'2012-08-14 17:48:41',1,10,'76','Pour le futur!',2,'Changed source.'),(264,'2012-08-14 17:52:08',1,10,'77','Pour le poivre!',2,'Changed source.'),(265,'2012-08-14 17:52:35',1,10,'80','Pour du sang neuf',2,'Changed source.'),(266,'2012-08-14 17:53:18',1,10,'64','Paul Desmarais : Pour avoir le Québec',2,'No fields changed.'),(267,'2012-08-14 17:58:14',1,10,'83','L\'ile Noire d\'Anticosti',2,'Changed source.'),(268,'2012-08-14 17:58:24',1,10,'81','Buffet à volonté',2,'Changed source.'),(269,'2012-08-14 18:00:00',1,10,'49','L\'émission humoristique de l\'année',2,'Changed pic.'),(270,'2012-08-14 18:01:07',1,10,'49','L\'émission humoristique de l\'année',2,'Changed pic.'),(271,'2012-08-14 18:07:45',1,10,'85','Quelle bonne idée!',1,''),(272,'2012-08-14 18:07:52',1,10,'85','Quelle bonne idée!',2,'Changed pic.'),(273,'2012-08-14 18:35:59',1,10,'86','mplacement idéologique de la CAQ ',1,''),(274,'2012-08-14 18:36:01',1,10,'86','mplacement idéologique de la CAQ ',2,'Changed source.'),(275,'2012-08-14 18:36:45',1,10,'86','mplacement idéologique de la CAQ ',2,'Changed pic.'),(276,'2012-08-14 18:38:21',1,10,'86','Emplacement idéologique de la CAQ ',2,'Changed title.'),(277,'2012-08-14 18:39:36',1,10,'87','Dr Allumette',1,''),(278,'2012-08-14 18:39:51',1,10,'87','Dr Allumette',2,'Changed pic.'),(279,'2012-08-15 10:04:39',1,10,'88','Pour les Amaricains',1,''),(280,'2012-08-15 10:05:00',1,10,'88','Pour les Amaricains',2,'Changed pic.'),(281,'2012-08-15 10:05:09',1,10,'88','Pour les Amaricains',2,'Changed pic.'),(282,'2012-08-15 10:05:30',1,10,'88','Pour la belle vie',2,'Changed title.'),(283,'2012-08-15 10:07:07',1,10,'89','Pour les Amaricains',1,''),(284,'2012-08-15 10:07:23',1,10,'89','Pour les Amaricains',2,'Changed pic.'),(285,'2012-08-15 10:08:19',1,10,'90','Pour la famiglia',1,''),(286,'2012-08-15 10:08:26',1,10,'90','Pour la famiglia',2,'Changed pic.'),(287,'2012-08-15 10:08:55',1,10,'91','Pour le gel',1,''),(288,'2012-08-15 10:09:02',1,10,'91','Pour le gel',2,'Changed pic.'),(289,'2012-08-15 10:18:15',1,10,'92','Après Batman, Tintin te dit d\'aller voter',1,''),(290,'2012-08-15 10:18:22',1,10,'92','Après Batman, Tintin te dit d\'aller voter',2,'Changed pic.'),(291,'2012-08-15 10:24:25',1,10,'93','Pour être con',1,''),(292,'2012-08-15 10:24:32',1,10,'93','Pour être con',2,'Changed pic.'),(293,'2012-08-15 11:33:07',1,10,'94','Alléluia !',1,''),(294,'2012-08-15 11:33:15',1,10,'94','Alléluia !',2,'Changed pic.'),(295,'2012-08-15 11:33:27',1,10,'95','Pour les légumes',1,''),(296,'2012-08-15 11:33:35',1,10,'95','Pour les légumes',2,'Changed pic.'),(297,'2012-08-15 17:00:02',1,10,'96','Pour qui ?',1,''),(298,'2012-08-15 17:00:17',1,10,'96','Pour qui ?',2,'Changed pic.'),(299,'2012-08-15 17:00:41',1,10,'96','Pour qui ?',2,'Changed source.'),(300,'2012-08-15 17:00:55',1,10,'97','Pour la vérité',1,''),(301,'2012-08-15 17:01:03',1,10,'97','Pour la vérité',2,'Changed pic.'),(302,'2012-08-15 17:46:01',1,10,'98','C\'est bon pour',1,''),(303,'2012-08-15 17:46:28',1,10,'98','C\'est bon pour',2,'Changed pic.'),(304,'2012-08-15 19:37:23',1,10,'30','La pensée du jour',3,''),(305,'2012-08-15 19:37:23',1,10,'31','Sous aucune influence',3,''),(306,'2012-08-15 19:37:23',1,10,'32','L\'équipe d\'Enquête sur le terrain',3,''),(307,'2012-08-15 19:37:23',1,10,'33','La Girouette Olympique',3,''),(308,'2012-08-15 19:37:23',1,10,'34','L\'arrivée de Jacques Duchesneau dans la campagne.',3,''),(309,'2012-08-15 19:37:23',1,10,'35','Bra-vo. Visser des pancartes dans les arbres.  ',3,''),(310,'2012-08-15 19:37:23',1,10,'36','Combat de pancartes',3,''),(311,'2012-08-15 19:37:23',1,10,'43','Depuis que le PLQ est sur Twitter',3,''),(312,'2012-08-15 19:37:23',1,10,'44','Le logo de la CAQ est identique à celui de la semaine européenne de l’open data',3,''),(313,'2012-08-15 19:37:23',1,10,'45','Placement publicitaire',3,''),(314,'2012-08-15 19:37:23',1,10,'46','1000$',3,''),(315,'2012-08-15 19:37:23',1,10,'47','Legault ne touche plus à terre ',3,''),(316,'2012-08-16 10:06:15',1,10,'99','La presse de ce matin, payée et autorisée par l\'agent officiel de la CAQ?:',1,''),(317,'2012-08-16 10:06:30',1,10,'99','La presse de ce matin, payée et autorisée par l\'agent officiel de la CAQ?:',2,'Changed pic.'),(318,'2012-08-16 11:37:22',1,10,'100','Tumblr de Leo BB (fuckyeahleobureaublouin.tumblr.com)',1,''),(319,'2012-08-16 11:37:50',1,10,'100','Tumblr de Leo BB (fuckyeahleobureaublouin.tumblr.com)',2,'Changed pic.'),(320,'2012-08-16 11:38:13',1,10,'101','Tumblr de Sam Hamad (hamadadream.tumblr.com)',1,''),(321,'2012-08-16 11:38:29',1,10,'101','Tumblr de Sam Hamad (hamadadream.tumblr.com)',2,'No fields changed.'),(322,'2012-08-16 11:38:33',1,10,'101','Tumblr de Sam Hamad (hamadadream.tumblr.com)',2,'Changed pic.'),(323,'2012-08-16 14:00:15',1,10,'102','1-800-Got-Junk',1,''),(324,'2012-08-16 14:00:34',1,10,'102','1-800-Got-Junk',2,'Changed source and pic.'),(325,'2012-08-16 14:08:30',1,10,'103','Pour le Québec mon oeil ',1,''),(326,'2012-08-16 14:08:36',1,10,'103','Pour le Québec mon oeil ',2,'Changed pic.'),(327,'2012-08-16 14:08:37',1,10,'103','Pour le Québec mon oeil ',2,'Changed pic.'),(328,'2012-08-16 14:11:04',1,10,'103','Pour le Québec mon oeil ',2,'Changed source.'),(329,'2012-08-16 14:13:53',1,10,'104','François Legault guérit un paresseux',1,''),(330,'2012-08-16 14:14:07',1,10,'104','François Legault guérit un paresseux',2,'Changed pic.'),(331,'2012-08-16 14:40:40',1,10,'105','Gargacharest',1,''),(332,'2012-08-16 14:40:52',1,10,'105','Gargacharest',2,'Changed pic.'),(333,'2012-08-16 15:06:25',1,10,'106','Excellent conseil',1,''),(334,'2012-08-16 15:06:37',1,10,'106','Excellent conseil',2,'Changed pic.'),(335,'2012-08-16 15:10:17',1,10,'106','Excellent conseil',2,'Changed source.'),(336,'2012-08-16 15:14:30',1,10,'107','Voulez vous dire PQ? ',1,''),(337,'2012-08-16 15:14:51',1,10,'107','Voulez vous dire PQ? ',2,'Changed pic.'),(338,'2012-08-16 15:16:39',1,10,'108','Oups, on a fait une erreur dans son nom. Pas grave, mets un p\'tit carré bleu...',1,''),(339,'2012-08-16 15:16:46',1,10,'108','Oups, on a fait une erreur dans son nom. Pas grave, mets un p\'tit carré bleu...',2,'Changed pic.'),(340,'2012-08-16 15:26:43',1,10,'109','Pour la police',1,''),(341,'2012-08-16 15:26:48',1,10,'109','Pour la police',2,'Changed pic.'),(342,'2012-08-17 14:29:26',1,10,'110','Tir groupé sur liberaux.net',1,''),(343,'2012-08-17 14:29:47',1,10,'110','Tir groupé sur liberaux.net',2,'Changed pic.'),(344,'2012-08-17 14:34:51',1,10,'110','Tir groupé sur liberaux.net',2,'Changed source.'),(345,'2012-08-17 14:44:20',1,10,'111','Wikipedia annonce la mort du parti conservateur du Québec...en 1935!',1,''),(346,'2012-08-17 14:44:26',1,10,'111','Wikipedia annonce la mort du parti conservateur du Québec...en 1935!',2,'Changed pic.'),(347,'2012-08-17 14:48:32',1,10,'112','Bellemare ne sera pas candidat dans Sherbrooke',1,''),(348,'2012-08-17 14:48:56',1,10,'112','Bellemare ne sera pas candidat dans Sherbrooke',2,'Changed pic.'),(349,'2012-08-17 14:51:01',1,10,'112','Bellemare ne sera pas candidat dans Sherbrooke',2,'Changed source.'),(350,'2012-08-17 15:45:24',1,10,'113','Dehors Charest: pas l\'temps d\'niaiser',1,''),(351,'2012-08-19 16:02:44',1,10,'114','Les poubelles débordent',1,''),(352,'2012-08-19 16:03:07',1,10,'114','Les poubelles débordent',2,'Changed pic.'),(353,'2012-08-20 16:45:19',1,10,'115','Oupsss',1,''),(354,'2012-08-21 15:12:12',1,10,'116','Publicité gratuite au Parti Conservateur du Québec',1,''),(355,'2012-08-21 15:35:25',1,10,'117','Klout topics, ça peut être drôle. ',1,''),(356,'2012-08-21 18:16:03',1,6,'6','punnit.ca',1,''),(357,'2012-08-21 18:16:19',1,12,'1','',1,''),(358,'2012-08-22 11:15:39',1,10,'118','Les deux mains sur le ...oupss',1,''),(359,'2012-08-22 11:15:54',1,10,'119','Tout va bien..',1,''),(360,'2012-08-22 11:15:58',1,10,'119','Tout va bien..',2,'No fields changed.'),(361,'2012-08-22 11:20:08',1,10,'120','Francoise David passe à la TV',1,''),(362,'2012-08-22 11:21:04',1,10,'121','Chanson de Legault',1,''),(363,'2012-08-22 11:22:46',1,10,'120','Francoise David passe à la TV',2,'Changed pic.'),(364,'2012-08-22 11:23:37',1,10,'122','Jeff Fillion fidèle à lui même',1,''),(365,'2012-08-22 11:24:13',1,10,'123','Questions su Legault..',1,''),(366,'2012-08-22 11:24:43',1,10,'124','Vroum Vroum Vroum',1,''),(367,'2012-08-22 11:25:20',1,10,'125','94 promesses',1,''),(368,'2012-08-22 11:27:05',1,10,'125','94 promesses',2,'Changed source.'),(369,'2012-08-22 11:27:11',1,10,'124','Vroum Vroum Vroum',2,'Changed source.'),(370,'2012-08-22 11:27:18',1,10,'123','Questions su Legault..',2,'Changed source.'),(371,'2012-08-22 11:27:24',1,10,'122','Jeff Fillion fidèle à lui même',2,'Changed source.'),(372,'2012-08-22 11:27:30',1,10,'121','Chanson de Legault',2,'Changed source.'),(373,'2012-08-22 11:27:37',1,10,'120','Francoise David passe à la TV',2,'Changed source.'),(374,'2012-08-22 11:27:43',1,10,'119','Tout va bien..',2,'Changed source.'),(375,'2012-08-22 11:27:49',1,10,'118','Les deux mains sur le ...oupss',2,'Changed source.'),(376,'2012-08-22 11:27:56',1,10,'117','Klout topics, ça peut être drôle. ',2,'Changed source.'),(377,'2012-08-22 11:28:16',1,10,'117','Klout topics, ça peut être drôle. ',2,'Changed source.'),(378,'2012-08-22 11:51:57',1,10,'126','On veut plus de ça en politique',1,''),(379,'2012-08-22 12:05:21',1,10,'127','Stratégie électorale de Jean Charest',1,''),(380,'2012-08-22 12:14:19',1,10,'128','Le combat des chefs',1,''),(381,'2012-08-22 12:19:49',1,10,'129','Deuxième face à face terminé',1,''),(382,'2012-08-22 12:20:14',1,10,'129','Deuxième face à face terminé',2,'Changed pic.'),(383,'2012-08-22 14:12:09',1,6,'6','punnit.ca',2,'No fields changed.'),(384,'2012-08-22 14:54:03',1,3,'2','VoteDoncCa',1,''),(385,'2012-08-22 14:54:14',1,3,'2','VoteDoncCa',2,'Changed password and is_staff.'),(386,'2012-08-22 14:54:33',1,3,'2','VoteDoncCa',2,'Changed password and user_permissions.'),(387,'2012-08-22 15:11:24',1,6,'7','punn.it',1,''),(388,'2012-08-22 17:26:28',1,12,'1','',2,'Changed domain.'),(389,'2012-08-22 17:27:00',1,12,'1','',2,'Changed domain.'),(390,'2012-08-22 17:50:57',1,12,'2','',1,''),(391,'2012-08-22 17:56:28',1,12,'1','',2,'Changed domain.'),(392,'2012-08-22 18:01:29',1,10,'130','Et voilà',1,''),(393,'2012-08-22 18:25:23',1,12,'1','',2,'Changed domain.'),(394,'2012-08-22 18:26:20',1,12,'1','',2,'Changed domain.'),(395,'2012-08-22 18:27:03',1,12,'1','',2,'Changed domain.'),(396,'2012-08-23 10:13:25',2,10,'131','...moi aussi.',1,''),(397,'2012-08-23 10:22:21',2,10,'131','...moi aussi.',2,'Changed source.'),(398,'2012-08-23 10:25:11',2,10,'132','Oh wow!',1,''),(399,'2012-08-23 10:25:28',2,10,'133','Les gagnants..',1,''),(400,'2012-08-23 10:25:51',2,10,'134','Fin des débats',1,''),(401,'2012-08-23 10:26:28',2,10,'135','Plus vite..!',1,''),(402,'2012-08-23 10:26:48',2,10,'136','Bilan',1,''),(403,'2012-08-23 10:35:12',2,10,'137','Caribalai',1,''),(404,'2012-08-23 10:39:27',2,10,'138','Circonscriptions à surveiller',1,''),(405,'2012-08-23 13:10:56',1,12,'1','',2,'Changed domain.'),(406,'2012-08-23 14:28:41',2,10,'139','Les caribous de l\'indépendance',1,''),(407,'2012-08-23 14:43:40',2,10,'139','Les caribous de l\'indépendance',2,'Changed source.'),(408,'2012-08-24 10:36:21',2,10,'140','Francois Legault en entrevue ',1,''),(409,'2012-08-24 11:44:15',2,10,'128','Le combat des chefs',2,'Changed pic.'),(410,'2012-08-24 12:50:08',2,10,'141','Le logo de la CAQ expliqué',1,''),(411,'2012-08-24 12:53:01',2,10,'141','Le logo de la CAQ expliqué',2,'Changed source.'),(412,'2012-08-24 13:02:43',2,10,'142','Détachant tout-usage',1,''),(413,'2012-08-24 13:57:20',2,10,'128','Le combat des chefs',2,'Changed pic.'),(414,'2012-08-27 18:43:27',1,10,'143','fdsa',3,''),(415,'2012-08-27 18:43:27',1,10,'144','fdsa',3,''),(416,'2012-08-27 18:43:27',1,10,'145','fdsa',3,''),(417,'2012-08-27 18:43:27',1,10,'146','fdsa',3,'');
/*!40000 ALTER TABLE `django_admin_log` ENABLE KEYS */;
UNLOCK TABLES;

--
-- Table structure for table `django_content_type`
--

DROP TABLE IF EXISTS `django_content_type`;
/*!40101 SET @saved_cs_client     = @@character_set_client */;
/*!40101 SET character_set_client = utf8 */;
CREATE TABLE `django_content_type` (
  `id` int(11) NOT NULL AUTO_INCREMENT,
  `name` varchar(100) NOT NULL,
  `app_label` varchar(100) NOT NULL,
  `model` varchar(100) NOT NULL,
  PRIMARY KEY (`id`),
  UNIQUE KEY `app_label` (`app_label`,`model`)
) ENGINE=MyISAM AUTO_INCREMENT=14 DEFAULT CHARSET=latin1;
/*!40101 SET character_set_client = @saved_cs_client */;

--
-- Dumping data for table `django_content_type`
--

LOCK TABLES `django_content_type` WRITE;
/*!40000 ALTER TABLE `django_content_type` DISABLE KEYS */;
INSERT INTO `django_content_type` VALUES (1,'permission','auth','permission'),(2,'group','auth','group'),(3,'user','auth','user'),(4,'content type','contenttypes','contenttype'),(5,'session','sessions','session'),(6,'site','sites','site'),(7,'log entry','admin','logentry'),(8,'migration history','south','migrationhistory'),(9,'kv store','thumbnail','kvstore'),(10,'punn','punns','punn'),(11,'comment','comments','comment'),(12,'user profile','accounts','userprofile'),(13,'image','images','image');
/*!40000 ALTER TABLE `django_content_type` ENABLE KEYS */;
UNLOCK TABLES;

--
-- Table structure for table `django_session`
--

DROP TABLE IF EXISTS `django_session`;
/*!40101 SET @saved_cs_client     = @@character_set_client */;
/*!40101 SET character_set_client = utf8 */;
CREATE TABLE `django_session` (
  `session_key` varchar(40) NOT NULL,
  `session_data` longtext NOT NULL,
  `expire_date` datetime NOT NULL,
  PRIMARY KEY (`session_key`),
  KEY `django_session_3da3d3d8` (`expire_date`)
) ENGINE=MyISAM DEFAULT CHARSET=latin1;
/*!40101 SET character_set_client = @saved_cs_client */;

--
-- Dumping data for table `django_session`
--

LOCK TABLES `django_session` WRITE;
/*!40000 ALTER TABLE `django_session` DISABLE KEYS */;
INSERT INTO `django_session` VALUES ('9bca5ac25bcba366e871bd3f7528dce2','ODIyOTcwMTA2ZDZmM2ZkNzkwODE0N2IzM2EyZmFlNWFiMjY4MGEzNDqAAn1xAVUKdGVzdGNvb2tp\nZXECVQZ3b3JrZWRxA3Mu\n','2012-08-19 20:25:54'),('7802dc7c5a5348823b74e83b4eca4988','NzE3MGVhOWM2ZmIzYjdhNzU1MDEwNDcxYzllMzNkYWY2NDk1MTlhNjqAAn1xAShVEl9hdXRoX3Vz\nZXJfYmFja2VuZHECVSlkamFuZ28uY29udHJpYi5hdXRoLmJhY2tlbmRzLk1vZGVsQmFja2VuZHED\nVQ1fYXV0aF91c2VyX2lkcQSKAQF1Lg==\n','2012-08-20 16:08:13'),('c81af782ab797594e201ff9691f83bc0','MTVhODczNGRhZjQzYWY3NjEwOTc1ZDBkZGNhZTM2MmJlZjFjMmRkMzqAAn1xAShVEl9hdXRoX3Vz\nZXJfYmFja2VuZHECVSlkamFuZ28uY29udHJpYi5hdXRoLmJhY2tlbmRzLk1vZGVsQmFja2VuZHED\nVQp0ZXN0Y29va2llcQRVBndvcmtlZHEFVQ1fYXV0aF91c2VyX2lkcQaKAQFVCV9tZXNzYWdlc3EH\nXXEIKGNkamFuZ28uY29udHJpYi5tZXNzYWdlcy5zdG9yYWdlLmJhc2UKTWVzc2FnZQpxCSmBcQp9\ncQsoVQpleHRyYV90YWdzcQxYAAAAAFUHbWVzc2FnZXENWD8AAABUaGUgcHVubiAiVml0ZSwgZG9u\nbmV6LWx1aSBkZSBsJ2Ftb3VyISIgd2FzIGFkZGVkIHN1Y2Nlc3NmdWxseS5xDlUFbGV2ZWxxD0sU\ndWJoCSmBcRB9cREoVQpleHRyYV90YWdzcRJYAAAAAFUHbWVzc2FnZXETWCUAAABUaGUgaW1hZ2Ug\nIjEiIHdhcyBhZGRlZCBzdWNjZXNzZnVsbHkucRRVBWxldmVscRVLFHViaAkpgXEWfXEXKFUKZXh0\ncmFfdGFnc3EYWAAAAABVB21lc3NhZ2VxGVgzAAAAVGhlIHB1bm4gIk1hbmFyb2xhLCBJdGFsaWUi\nIHdhcyBhZGRlZCBzdWNjZXNzZnVsbHkucRpVBWxldmVscRtLFHViaAkpgXEcfXEdKFUKZXh0cmFf\ndGFnc3EeWAAAAABVB21lc3NhZ2VxH1glAAAAVGhlIGltYWdlICIyIiB3YXMgYWRkZWQgc3VjY2Vz\nc2Z1bGx5LnEgVQVsZXZlbHEhSxR1YmgJKYFxIn1xIyhVCmV4dHJhX3RhZ3NxJFgAAAAAVQdtZXNz\nYWdlcSVYNQAAAFRoZSBwdW5uICLDhWxlc3VuZCwgTm9ydsOoZ2UiIHdhcyBhZGRlZCBzdWNjZXNz\nZnVsbHkucSZVBWxldmVscSdLFHViaAkpgXEofXEpKFUKZXh0cmFfdGFnc3EqWAAAAABVB21lc3Nh\nZ2VxK1hKAAAAVGhlIHB1bm4gIlRvcm9udG8iIHdhcyBhZGRlZCBzdWNjZXNzZnVsbHkuIFlvdSBt\nYXkgYWRkIGFub3RoZXIgcHVubiBiZWxvdy5xLFUFbGV2ZWxxLUsUdWJoCSmBcS59cS8oVQpleHRy\nYV90YWdzcTBYAAAAAFUHbWVzc2FnZXExWFAAAABUaGUgcHVubiAiQmVybmUsIFN1aXNzZSIgd2Fz\nIGFkZGVkIHN1Y2Nlc3NmdWxseS4gWW91IG1heSBhZGQgYW5vdGhlciBwdW5uIGJlbG93LnEyVQVs\nZXZlbHEzSxR1YmgJKYFxNH1xNShVCmV4dHJhX3RhZ3NxNlgAAAAAVQdtZXNzYWdlcTdYMgAAAFRo\nZSBwdW5uICJBaCwgbCdBbGxlbWFnbmUiIHdhcyBhZGRlZCBzdWNjZXNzZnVsbHkucThVBWxldmVs\ncTlLFHViaAkpgXE6fXE7KFUKZXh0cmFfdGFnc3E8WAAAAABVB21lc3NhZ2VxPVhGAAAAVGhlIGlt\nYWdlICIzIiB3YXMgYWRkZWQgc3VjY2Vzc2Z1bGx5LiBZb3UgbWF5IGFkZCBhbm90aGVyIGltYWdl\nIGJlbG93LnE+VQVsZXZlbHE/SxR1YmgJKYFxQH1xQShVCmV4dHJhX3RhZ3NxQlgAAAAAVQdtZXNz\nYWdlcUNYRgAAAFRoZSBpbWFnZSAiNCIgd2FzIGFkZGVkIHN1Y2Nlc3NmdWxseS4gWW91IG1heSBh\nZGQgYW5vdGhlciBpbWFnZSBiZWxvdy5xRFUFbGV2ZWxxRUsUdWJoCSmBcUZ9cUcoVQpleHRyYV90\nYWdzcUhYAAAAAFUHbWVzc2FnZXFJWEYAAABUaGUgaW1hZ2UgIjUiIHdhcyBhZGRlZCBzdWNjZXNz\nZnVsbHkuIFlvdSBtYXkgYWRkIGFub3RoZXIgaW1hZ2UgYmVsb3cucUpVBWxldmVscUtLFHViaAkp\ngXFMfXFNKFUKZXh0cmFfdGFnc3FOWAAAAABVB21lc3NhZ2VxT1glAAAAVGhlIGltYWdlICI2IiB3\nYXMgYWRkZWQgc3VjY2Vzc2Z1bGx5LnFQVQVsZXZlbHFRSxR1YmgJKYFxUn1xUyhVCmV4dHJhX3Rh\nZ3NxVFgAAAAAVQdtZXNzYWdlcVVYLAAAAFRoZSBzaXRlICJwdW5uLml0IiB3YXMgY2hhbmdlZCBz\ndWNjZXNzZnVsbHkucVZVBWxldmVscVdLFHViaAkpgXFYfXFZKFUKZXh0cmFfdGFnc3FaWAAAAABV\nB21lc3NhZ2VxW1gzAAAAVGhlIHNpdGUgInBvdXJsZXF1ZWJlYy5vcmciIHdhcyBhZGRlZCBzdWNj\nZXNzZnVsbHkucVxVBWxldmVscV1LFHViaAkpgXFefXFfKFUKZXh0cmFfdGFnc3FgWAAAAABVB21l\nc3NhZ2VxYVgtAAAAVGhlIHNpdGUgInR3ZWVkcy5vcmciIHdhcyBhZGRlZCBzdWNjZXNzZnVsbHku\ncWJVBWxldmVscWNLFHViaAkpgXFkfXFlKFUKZXh0cmFfdGFnc3FmWAAAAABVB21lc3NhZ2VxZ1gd\nAAAAU3VjY2Vzc2Z1bGx5IGRlbGV0ZWQgMiBzaXRlcy5xaFUFbGV2ZWxxaUsUdWJoCSmBcWp9cWso\nVQpleHRyYV90YWdzcWxYAAAAAFUHbWVzc2FnZXFtWCwAAABUaGUgc2l0ZSAicHVubml0LmNhIiB3\nYXMgYWRkZWQgc3VjY2Vzc2Z1bGx5LnFuVQVsZXZlbHFvSxR1YmV1Lg==\n','2012-08-21 00:26:58'),('46658e1eb3ce85ffc0a1ea6f10d3c12a','ODIyOTcwMTA2ZDZmM2ZkNzkwODE0N2IzM2EyZmFlNWFiMjY4MGEzNDqAAn1xAVUKdGVzdGNvb2tp\nZXECVQZ3b3JrZWRxA3Mu\n','2012-08-20 16:28:50'),('ee23ebf962af018a8e37fdd4d2ffb300','ODIyOTcwMTA2ZDZmM2ZkNzkwODE0N2IzM2EyZmFlNWFiMjY4MGEzNDqAAn1xAVUKdGVzdGNvb2tp\nZXECVQZ3b3JrZWRxA3Mu\n','2012-08-20 16:28:23'),('5e9990a8f7cb56239fadad3446c43f88','NzE3MGVhOWM2ZmIzYjdhNzU1MDEwNDcxYzllMzNkYWY2NDk1MTlhNjqAAn1xAShVEl9hdXRoX3Vz\nZXJfYmFja2VuZHECVSlkamFuZ28uY29udHJpYi5hdXRoLmJhY2tlbmRzLk1vZGVsQmFja2VuZHED\nVQ1fYXV0aF91c2VyX2lkcQSKAQF1Lg==\n','2012-08-20 16:28:33'),('42d763dba10ef6c19ddea240e5e23c35','ODIyOTcwMTA2ZDZmM2ZkNzkwODE0N2IzM2EyZmFlNWFiMjY4MGEzNDqAAn1xAVUKdGVzdGNvb2tp\nZXECVQZ3b3JrZWRxA3Mu\n','2012-08-21 02:10:58'),('43493a1f2b9208dd6a63de38072180cb','ODIyOTcwMTA2ZDZmM2ZkNzkwODE0N2IzM2EyZmFlNWFiMjY4MGEzNDqAAn1xAVUKdGVzdGNvb2tp\nZXECVQZ3b3JrZWRxA3Mu\n','2012-08-21 19:39:30'),('56ec8abc4c6449a07729cb63a783ecf7','NzE3MGVhOWM2ZmIzYjdhNzU1MDEwNDcxYzllMzNkYWY2NDk1MTlhNjqAAn1xAShVEl9hdXRoX3Vz\nZXJfYmFja2VuZHECVSlkamFuZ28uY29udHJpYi5hdXRoLmJhY2tlbmRzLk1vZGVsQmFja2VuZHED\nVQ1fYXV0aF91c2VyX2lkcQSKAQF1Lg==\n','2012-08-21 11:15:04'),('f7662ffbcaaafb20b71dd9a3505d7bec','ODIyOTcwMTA2ZDZmM2ZkNzkwODE0N2IzM2EyZmFlNWFiMjY4MGEzNDqAAn1xAVUKdGVzdGNvb2tp\nZXECVQZ3b3JrZWRxA3Mu\n','2012-08-24 20:03:38'),('aaa7ad35684a545d1f05f4191ef91695','MTc5MThlOGI4NmQ2MWYzMDA2OGU1NmE4NTViMGFkYzNiMWNjMGM0NjqAAn1xAShVCV9tZXNzYWdl\nc3ECXXEDKGNkamFuZ28uY29udHJpYi5tZXNzYWdlcy5zdG9yYWdlLmJhc2UKTWVzc2FnZQpxBCmB\ncQV9cQYoVQpleHRyYV90YWdzcQdYAAAAAFUHbWVzc2FnZXEIWCsAAABUaGUgdXNlciBwcm9maWxl\nICIiIHdhcyBhZGRlZCBzdWNjZXNzZnVsbHkucQlVBWxldmVscQpLFHViaAQpgXELfXEMKFUKZXh0\ncmFfdGFnc3ENWAAAAABVB21lc3NhZ2VxDlgtAAAAVGhlIHVzZXIgcHJvZmlsZSAiIiB3YXMgY2hh\nbmdlZCBzdWNjZXNzZnVsbHkucQ9VBWxldmVscRBLFHViaAQpgXERfXESKFUKZXh0cmFfdGFnc3ET\nWAAAAABVB21lc3NhZ2VxFFgsAAAAVGhlIHB1bm4gIkV0IHZvaWzDoCIgd2FzIGFkZGVkIHN1Y2Nl\nc3NmdWxseS5xFVUFbGV2ZWxxFksUdWJoBCmBcRd9cRgoVQpleHRyYV90YWdzcRlYAAAAAFUHbWVz\nc2FnZXEaWEoAAABUaGUgdXNlciBwcm9maWxlICIiIHdhcyBjaGFuZ2VkIHN1Y2Nlc3NmdWxseS4g\nWW91IG1heSBlZGl0IGl0IGFnYWluIGJlbG93LnEbVQVsZXZlbHEcSxR1YmgEKYFxHX1xHihVCmV4\ndHJhX3RhZ3NxH1gAAAAAVQdtZXNzYWdlcSBYLQAAAFRoZSB1c2VyIHByb2ZpbGUgIiIgd2FzIGNo\nYW5nZWQgc3VjY2Vzc2Z1bGx5LnEhVQVsZXZlbHEiSxR1YmgEKYFxI31xJChVCmV4dHJhX3RhZ3Nx\nJVgAAAAAVQdtZXNzYWdlcSZYLQAAAFRoZSB1c2VyIHByb2ZpbGUgIiIgd2FzIGNoYW5nZWQgc3Vj\nY2Vzc2Z1bGx5LnEnVQVsZXZlbHEoSxR1YmgEKYFxKX1xKihVCmV4dHJhX3RhZ3NxK1gAAAAAVQdt\nZXNzYWdlcSxYSgAAAFRoZSB1c2VyIHByb2ZpbGUgIiIgd2FzIGNoYW5nZWQgc3VjY2Vzc2Z1bGx5\nLiBZb3UgbWF5IGVkaXQgaXQgYWdhaW4gYmVsb3cucS1VBWxldmVscS5LFHViZVUNX2F1dGhfdXNl\ncl9pZHEvigEBVRJfYXV0aF91c2VyX2JhY2tlbmRxMFUpZGphbmdvLmNvbnRyaWIuYXV0aC5iYWNr\nZW5kcy5Nb2RlbEJhY2tlbmRxMXUu\n','2012-09-06 13:10:56'),('b872257bf1af53f4acb5632d18d07cf5','ODIyOTcwMTA2ZDZmM2ZkNzkwODE0N2IzM2EyZmFlNWFiMjY4MGEzNDqAAn1xAVUKdGVzdGNvb2tp\nZXECVQZ3b3JrZWRxA3Mu\n','2012-08-22 19:42:04'),('455b621f137db2a3c4ba5a1942d23534','ODIyOTcwMTA2ZDZmM2ZkNzkwODE0N2IzM2EyZmFlNWFiMjY4MGEzNDqAAn1xAVUKdGVzdGNvb2tp\nZXECVQZ3b3JrZWRxA3Mu\n','2012-08-22 19:42:05'),('42de04ecff5119f3e6cebf63f3379253','ODIyOTcwMTA2ZDZmM2ZkNzkwODE0N2IzM2EyZmFlNWFiMjY4MGEzNDqAAn1xAVUKdGVzdGNvb2tp\nZXECVQZ3b3JrZWRxA3Mu\n','2012-08-22 21:02:55'),('9201271688a18db9901b071fa185f670','ODIyOTcwMTA2ZDZmM2ZkNzkwODE0N2IzM2EyZmFlNWFiMjY4MGEzNDqAAn1xAVUKdGVzdGNvb2tp\nZXECVQZ3b3JrZWRxA3Mu\n','2012-08-23 22:17:30'),('091c1cff6329d8d1601e56988ade5e1d','ODIyOTcwMTA2ZDZmM2ZkNzkwODE0N2IzM2EyZmFlNWFiMjY4MGEzNDqAAn1xAVUKdGVzdGNvb2tp\nZXECVQZ3b3JrZWRxA3Mu\n','2012-08-23 22:17:32'),('fc841c3b0d30983af21b0303f725a23e','ODIyOTcwMTA2ZDZmM2ZkNzkwODE0N2IzM2EyZmFlNWFiMjY4MGEzNDqAAn1xAVUKdGVzdGNvb2tp\nZXECVQZ3b3JrZWRxA3Mu\n','2012-08-24 05:39:59'),('ec99128ddff22668252aa805bb83e8a4','ODIyOTcwMTA2ZDZmM2ZkNzkwODE0N2IzM2EyZmFlNWFiMjY4MGEzNDqAAn1xAVUKdGVzdGNvb2tp\nZXECVQZ3b3JrZWRxA3Mu\n','2012-08-24 05:40:01'),('7e883bb1d4de1feffb86c9c3578fae2d','ODIyOTcwMTA2ZDZmM2ZkNzkwODE0N2IzM2EyZmFlNWFiMjY4MGEzNDqAAn1xAVUKdGVzdGNvb2tp\nZXECVQZ3b3JrZWRxA3Mu\n','2012-08-29 18:46:24'),('addbacca1868ecae8e05b0bb86b7d3a3','ODIyOTcwMTA2ZDZmM2ZkNzkwODE0N2IzM2EyZmFlNWFiMjY4MGEzNDqAAn1xAVUKdGVzdGNvb2tp\nZXECVQZ3b3JrZWRxA3Mu\n','2012-08-30 00:39:28'),('d0f33039dc3b90fa0c7b6c621484569a','ODIyOTcwMTA2ZDZmM2ZkNzkwODE0N2IzM2EyZmFlNWFiMjY4MGEzNDqAAn1xAVUKdGVzdGNvb2tp\nZXECVQZ3b3JrZWRxA3Mu\n','2012-08-24 12:27:01'),('616b6e442e86202f28250f9f67efbcea','ODIyOTcwMTA2ZDZmM2ZkNzkwODE0N2IzM2EyZmFlNWFiMjY4MGEzNDqAAn1xAVUKdGVzdGNvb2tp\nZXECVQZ3b3JrZWRxA3Mu\n','2012-08-24 12:27:03'),('a9a5944184f58ff434143fb50fa6ee4b','ODIyOTcwMTA2ZDZmM2ZkNzkwODE0N2IzM2EyZmFlNWFiMjY4MGEzNDqAAn1xAVUKdGVzdGNvb2tp\nZXECVQZ3b3JrZWRxA3Mu\n','2012-08-24 12:53:21'),('eaa5ad71bc392e1b8519eb10f4f73145','ODIyOTcwMTA2ZDZmM2ZkNzkwODE0N2IzM2EyZmFlNWFiMjY4MGEzNDqAAn1xAVUKdGVzdGNvb2tp\nZXECVQZ3b3JrZWRxA3Mu\n','2012-08-24 12:53:23'),('46d10609946dce5d256e02aea5a2d321','N2Q1NTZlN2Y1NjI4NWRkNDBlN2Q0OWZlYzllNzM4NmJiOGQxYmQ2OTqAAn1xAShVCV9tZXNzYWdl\nc3ECXXEDKGNkamFuZ28uY29udHJpYi5tZXNzYWdlcy5zdG9yYWdlLmJhc2UKTWVzc2FnZQpxBCmB\ncQV9cQYoVQpleHRyYV90YWdzcQdYAAAAAFUHbWVzc2FnZXEIWFAAAABUaGUgcHVubiAiLi4ubW9p\nIGF1c3NpLiIgd2FzIGFkZGVkIHN1Y2Nlc3NmdWxseS4gWW91IG1heSBhZGQgYW5vdGhlciBwdW5u\nIGJlbG93LnEJVQVsZXZlbHEKSxR1YmgEKYFxC31xDChVCmV4dHJhX3RhZ3NxDVgAAAAAVQdtZXNz\nYWdlcQ5YMgAAAFRoZSBwdW5uICIuLi5tb2kgYXVzc2kuIiB3YXMgY2hhbmdlZCBzdWNjZXNzZnVs\nbHkucQ9VBWxldmVscRBLFHViaAQpgXERfXESKFUKZXh0cmFfdGFnc3ETWAAAAABVB21lc3NhZ2Vx\nFFhKAAAAVGhlIHB1bm4gIk9oIHdvdyEiIHdhcyBhZGRlZCBzdWNjZXNzZnVsbHkuIFlvdSBtYXkg\nYWRkIGFub3RoZXIgcHVubiBiZWxvdy5xFVUFbGV2ZWxxFksUdWJoBCmBcRd9cRgoVQpleHRyYV90\nYWdzcRlYAAAAAFUHbWVzc2FnZXEaWFEAAABUaGUgcHVubiAiTGVzIGdhZ25hbnRzLi4iIHdhcyBh\nZGRlZCBzdWNjZXNzZnVsbHkuIFlvdSBtYXkgYWRkIGFub3RoZXIgcHVubiBiZWxvdy5xG1UFbGV2\nZWxxHEsUdWJoBCmBcR19cR4oVQpleHRyYV90YWdzcR9YAAAAAFUHbWVzc2FnZXEgWFIAAABUaGUg\ncHVubiAiRmluIGRlcyBkw6liYXRzIiB3YXMgYWRkZWQgc3VjY2Vzc2Z1bGx5LiBZb3UgbWF5IGFk\nZCBhbm90aGVyIHB1bm4gYmVsb3cucSFVBWxldmVscSJLFHViaAQpgXEjfXEkKFUKZXh0cmFfdGFn\nc3ElWAAAAABVB21lc3NhZ2VxJlhPAAAAVGhlIHB1bm4gIlBsdXMgdml0ZS4uISIgd2FzIGFkZGVk\nIHN1Y2Nlc3NmdWxseS4gWW91IG1heSBhZGQgYW5vdGhlciBwdW5uIGJlbG93LnEnVQVsZXZlbHEo\nSxR1YmgEKYFxKX1xKihVCmV4dHJhX3RhZ3NxK1gAAAAAVQdtZXNzYWdlcSxYSAAAAFRoZSBwdW5u\nICJCaWxhbiIgd2FzIGFkZGVkIHN1Y2Nlc3NmdWxseS4gWW91IG1heSBhZGQgYW5vdGhlciBwdW5u\nIGJlbG93LnEtVQVsZXZlbHEuSxR1YmgEKYFxL31xMChVCmV4dHJhX3RhZ3NxMVgAAAAAVQdtZXNz\nYWdlcTJYTAAAAFRoZSBwdW5uICJDYXJpYmFsYWkiIHdhcyBhZGRlZCBzdWNjZXNzZnVsbHkuIFlv\ndSBtYXkgYWRkIGFub3RoZXIgcHVubiBiZWxvdy5xM1UFbGV2ZWxxNEsUdWJoBCmBcTV9cTYoVQpl\neHRyYV90YWdzcTdYAAAAAFUHbWVzc2FnZXE4WEEAAABUaGUgcHVubiAiQ2lyY29uc2NyaXB0aW9u\ncyDDoCBzdXJ2ZWlsbGVyIiB3YXMgYWRkZWQgc3VjY2Vzc2Z1bGx5LnE5VQVsZXZlbHE6SxR1YmgE\nKYFxO31xPChVCmV4dHJhX3RhZ3NxPVgAAAAAVQdtZXNzYWdlcT5YYgAAAFRoZSBwdW5uICJMZXMg\nY2FyaWJvdXMgZGUgbCdpbmTDqXBlbmRhbmNlIiB3YXMgYWRkZWQgc3VjY2Vzc2Z1bGx5LiBZb3Ug\nbWF5IGFkZCBhbm90aGVyIHB1bm4gYmVsb3cucT9VBWxldmVscUBLFHViaAQpgXFBfXFCKFUKZXh0\ncmFfdGFnc3FDWAAAAABVB21lc3NhZ2VxRFhEAAAAVGhlIHB1bm4gIkxlcyBjYXJpYm91cyBkZSBs\nJ2luZMOpcGVuZGFuY2UiIHdhcyBjaGFuZ2VkIHN1Y2Nlc3NmdWxseS5xRVUFbGV2ZWxxRksUdWJo\nBCmBcUd9cUgoVQpleHRyYV90YWdzcUlYAAAAAFUHbWVzc2FnZXFKWGAAAABUaGUgcHVubiAiRnJh\nbmNvaXMgTGVnYXVsdCBlbiBlbnRyZXZ1ZSAiIHdhcyBhZGRlZCBzdWNjZXNzZnVsbHkuIFlvdSBt\nYXkgYWRkIGFub3RoZXIgcHVubiBiZWxvdy5xS1UFbGV2ZWxxTEsUdWJoBCmBcU19cU4oVQpleHRy\nYV90YWdzcU9YAAAAAFUHbWVzc2FnZXFQWDgAAABUaGUgcHVubiAiTGUgY29tYmF0IGRlcyBjaGVm\ncyIgd2FzIGNoYW5nZWQgc3VjY2Vzc2Z1bGx5LnFRVQVsZXZlbHFSSxR1YmVVDV9hdXRoX3VzZXJf\naWRxU4oBAlUSX2F1dGhfdXNlcl9iYWNrZW5kcVRVKWRqYW5nby5jb250cmliLmF1dGguYmFja2Vu\nZHMuTW9kZWxCYWNrZW5kcVV1Lg==\n','2012-09-07 11:44:15'),('a34a086588a0fb621565efc303744ceb','ODIyOTcwMTA2ZDZmM2ZkNzkwODE0N2IzM2EyZmFlNWFiMjY4MGEzNDqAAn1xAVUKdGVzdGNvb2tp\nZXECVQZ3b3JrZWRxA3Mu\n','2012-08-31 08:30:44'),('26fb904bb457eb65a4cfddba4bf4278e','ODIyOTcwMTA2ZDZmM2ZkNzkwODE0N2IzM2EyZmFlNWFiMjY4MGEzNDqAAn1xAVUKdGVzdGNvb2tp\nZXECVQZ3b3JrZWRxA3Mu\n','2012-08-31 08:30:45'),('c865940ef79626add655e9fbc6489a8f','ODIyOTcwMTA2ZDZmM2ZkNzkwODE0N2IzM2EyZmFlNWFiMjY4MGEzNDqAAn1xAVUKdGVzdGNvb2tp\nZXECVQZ3b3JrZWRxA3Mu\n','2012-08-31 15:25:27'),('a7b5d704a3e3c307792f16cbabd6c82e','ODIyOTcwMTA2ZDZmM2ZkNzkwODE0N2IzM2EyZmFlNWFiMjY4MGEzNDqAAn1xAVUKdGVzdGNvb2tp\nZXECVQZ3b3JrZWRxA3Mu\n','2012-08-31 15:25:28'),('b58c98aedb4ae691a5785eb13b26fe38','ODIyOTcwMTA2ZDZmM2ZkNzkwODE0N2IzM2EyZmFlNWFiMjY4MGEzNDqAAn1xAVUKdGVzdGNvb2tp\nZXECVQZ3b3JrZWRxA3Mu\n','2012-08-31 15:43:01'),('3b9ff2fff169832cc2e769fb56d0f067','ODIyOTcwMTA2ZDZmM2ZkNzkwODE0N2IzM2EyZmFlNWFiMjY4MGEzNDqAAn1xAVUKdGVzdGNvb2tp\nZXECVQZ3b3JrZWRxA3Mu\n','2012-08-31 15:43:02'),('377d4d430f4bfb97947139f917b0f326','ODIyOTcwMTA2ZDZmM2ZkNzkwODE0N2IzM2EyZmFlNWFiMjY4MGEzNDqAAn1xAVUKdGVzdGNvb2tp\nZXECVQZ3b3JrZWRxA3Mu\n','2012-09-01 04:05:36'),('756f2e39471faa02acc0fbb8c210d47e','ODIyOTcwMTA2ZDZmM2ZkNzkwODE0N2IzM2EyZmFlNWFiMjY4MGEzNDqAAn1xAVUKdGVzdGNvb2tp\nZXECVQZ3b3JrZWRxA3Mu\n','2012-09-01 08:21:57'),('c7f55f395b68b4841681a3a94956a0c7','ODIyOTcwMTA2ZDZmM2ZkNzkwODE0N2IzM2EyZmFlNWFiMjY4MGEzNDqAAn1xAVUKdGVzdGNvb2tp\nZXECVQZ3b3JrZWRxA3Mu\n','2012-09-01 08:21:58'),('9872ad87342d45c949bfd7130a7220ae','ODIyOTcwMTA2ZDZmM2ZkNzkwODE0N2IzM2EyZmFlNWFiMjY4MGEzNDqAAn1xAVUKdGVzdGNvb2tp\nZXECVQZ3b3JrZWRxA3Mu\n','2012-09-01 10:41:17'),('aac033c33ea5597fab5157e92f27a937','ODIyOTcwMTA2ZDZmM2ZkNzkwODE0N2IzM2EyZmFlNWFiMjY4MGEzNDqAAn1xAVUKdGVzdGNvb2tp\nZXECVQZ3b3JrZWRxA3Mu\n','2012-09-01 10:41:18'),('cf7a12acb7469094a4e189236194c2a8','ODIyOTcwMTA2ZDZmM2ZkNzkwODE0N2IzM2EyZmFlNWFiMjY4MGEzNDqAAn1xAVUKdGVzdGNvb2tp\nZXECVQZ3b3JrZWRxA3Mu\n','2012-09-01 22:16:08'),('1e42d50aa1ea5de5dffc9c7854d1905a','ODIyOTcwMTA2ZDZmM2ZkNzkwODE0N2IzM2EyZmFlNWFiMjY4MGEzNDqAAn1xAVUKdGVzdGNvb2tp\nZXECVQZ3b3JrZWRxA3Mu\n','2012-09-02 12:38:16'),('e77135b4a4bd6c82bf5f0f5e807e66b0','ODIyOTcwMTA2ZDZmM2ZkNzkwODE0N2IzM2EyZmFlNWFiMjY4MGEzNDqAAn1xAVUKdGVzdGNvb2tp\nZXECVQZ3b3JrZWRxA3Mu\n','2012-09-02 12:38:17'),('d6acf9d2740308259f13f4665b5f4396','ODIyOTcwMTA2ZDZmM2ZkNzkwODE0N2IzM2EyZmFlNWFiMjY4MGEzNDqAAn1xAVUKdGVzdGNvb2tp\nZXECVQZ3b3JrZWRxA3Mu\n','2012-09-02 12:38:36'),('1b166956c8d50b3efa23fca3b1695b9c','ODIyOTcwMTA2ZDZmM2ZkNzkwODE0N2IzM2EyZmFlNWFiMjY4MGEzNDqAAn1xAVUKdGVzdGNvb2tp\nZXECVQZ3b3JrZWRxA3Mu\n','2012-09-02 12:38:37'),('ddebee8fed71f8835aa02860fff6a552','ODIyOTcwMTA2ZDZmM2ZkNzkwODE0N2IzM2EyZmFlNWFiMjY4MGEzNDqAAn1xAVUKdGVzdGNvb2tp\nZXECVQZ3b3JrZWRxA3Mu\n','2012-09-02 15:03:27'),('3432d6338d1bc968e9f5234214556976','ODIyOTcwMTA2ZDZmM2ZkNzkwODE0N2IzM2EyZmFlNWFiMjY4MGEzNDqAAn1xAVUKdGVzdGNvb2tp\nZXECVQZ3b3JrZWRxA3Mu\n','2012-09-02 16:44:32'),('23e5e764bfca39495f863f003757f782','ODIyOTcwMTA2ZDZmM2ZkNzkwODE0N2IzM2EyZmFlNWFiMjY4MGEzNDqAAn1xAVUKdGVzdGNvb2tp\nZXECVQZ3b3JrZWRxA3Mu\n','2012-09-03 21:19:14'),('e8a79913d57563c7143b52ec16666a20','ODIyOTcwMTA2ZDZmM2ZkNzkwODE0N2IzM2EyZmFlNWFiMjY4MGEzNDqAAn1xAVUKdGVzdGNvb2tp\nZXECVQZ3b3JrZWRxA3Mu\n','2012-08-24 19:56:05'),('c5d29fa0f2e77c86ed1c694ba80601fb','ODIyOTcwMTA2ZDZmM2ZkNzkwODE0N2IzM2EyZmFlNWFiMjY4MGEzNDqAAn1xAVUKdGVzdGNvb2tp\nZXECVQZ3b3JrZWRxA3Mu\n','2012-08-24 19:56:07'),('525cc904a341475fbb1a300d80706c85','ODIyOTcwMTA2ZDZmM2ZkNzkwODE0N2IzM2EyZmFlNWFiMjY4MGEzNDqAAn1xAVUKdGVzdGNvb2tp\nZXECVQZ3b3JrZWRxA3Mu\n','2012-08-24 20:15:09'),('3891c07342c8c6a4150f0b749e57129a','ODIyOTcwMTA2ZDZmM2ZkNzkwODE0N2IzM2EyZmFlNWFiMjY4MGEzNDqAAn1xAVUKdGVzdGNvb2tp\nZXECVQZ3b3JrZWRxA3Mu\n','2012-08-24 20:15:11'),('cb7e78c34aa348ad0a9ad6519bc47f82','ODIyOTcwMTA2ZDZmM2ZkNzkwODE0N2IzM2EyZmFlNWFiMjY4MGEzNDqAAn1xAVUKdGVzdGNvb2tp\nZXECVQZ3b3JrZWRxA3Mu\n','2012-08-24 20:19:19'),('323e9425099598e09368137e0eed62e0','ODIyOTcwMTA2ZDZmM2ZkNzkwODE0N2IzM2EyZmFlNWFiMjY4MGEzNDqAAn1xAVUKdGVzdGNvb2tp\nZXECVQZ3b3JrZWRxA3Mu\n','2012-08-24 20:19:21'),('4fdc139a15027934a4cd984ff291185c','ZTE0NWIxNTdhYWIwMGM1ZGRjY2E1M2Q1MmNjN2NhNGRiNGMyMjE0MzqAAn1xAS4=\n','2012-08-25 01:15:38'),('c363d1d1c3d1f4c9db488a64cfeb9280','OWJlMWFmMTIyMzljYzMwN2MyYTVhZTkzZjkyMjQ0ZjE5NzJkYzhjOTqAAn1xAShVEl9hdXRoX3Vz\nZXJfYmFja2VuZHECVSlkamFuZ28uY29udHJpYi5hdXRoLmJhY2tlbmRzLk1vZGVsQmFja2VuZHED\nVQ1fYXV0aF91c2VyX2lkcQSKAQFVCV9tZXNzYWdlc3EFXXEGKGNkamFuZ28uY29udHJpYi5tZXNz\nYWdlcy5zdG9yYWdlLmJhc2UKTWVzc2FnZQpxBymBcQh9cQkoVQpleHRyYV90YWdzcQpOVQdtZXNz\nYWdlcQtYSgAAAFRoZSBwdW5uICJMZSBjYW5kaWRhdCDDqXNvdMOpcmlxdWUgZGUgbGEgQ0FRLiAg\nIiB3YXMgY2hhbmdlZCBzdWNjZXNzZnVsbHkucQxVBWxldmVscQ1LFHViaAcpgXEOfXEPKGgKWAAA\nAABoC1hDAAAAVGhlIHB1bm4gIkZyYW5jb2lzIExlZ2F1bHQgZXQgc2VzIHR3ZWVkcyIgd2FzIGNo\nYW5nZWQgc3VjY2Vzc2Z1bGx5LnEQaA1LFHViaAcpgXERfXESKFUKZXh0cmFfdGFnc3ETWAAAAABV\nB21lc3NhZ2VxFFgoAAAAVGhlIHB1bm4gIkJvZiIgd2FzIGRlbGV0ZWQgc3VjY2Vzc2Z1bGx5LnEV\nVQVsZXZlbHEWSxR1YmgHKYFxF31xGChVCmV4dHJhX3RhZ3NxGVgAAAAAVQdtZXNzYWdlcRpYNwAA\nAFRoZSBwdW5uICJJbHMgc29udCBkZSByZXRvdXIiIHdhcyBkZWxldGVkIHN1Y2Nlc3NmdWxseS5x\nG1UFbGV2ZWxxHEsUdWJoBymBcR19cR4oVQpleHRyYV90YWdzcR9YAAAAAFUHbWVzc2FnZXEgWDQA\nAABUaGUgcHVubiAiQWwgQ2Fwb25lLCAyMDEyIiB3YXMgY2hhbmdlZCBzdWNjZXNzZnVsbHkucSFV\nBWxldmVscSJLFHViaAcpgXEjfXEkKFUKZXh0cmFfdGFnc3ElWAAAAABVB21lc3NhZ2VxJlg/AAAA\nVGhlIHB1bm4gIkNpdGF0aW9uIGRlIFBhdWxpbmUgTWFyb2lzIiB3YXMgY2hhbmdlZCBzdWNjZXNz\nZnVsbHkucSdVBWxldmVscShLFHViaAcpgXEpfXEqKFUKZXh0cmFfdGFnc3ErWAAAAABVB21lc3Nh\nZ2VxLFhbAAAAVGhlIHB1bm4gIktoYWRhZmkgw6l0YWl0IHBhcyBzaSBwaXJlIHNlbG9uIHVuIGNh\nbmRpZGF0IGTigJlPTi4gICIgd2FzIGNoYW5nZWQgc3VjY2Vzc2Z1bGx5LnEtVQVsZXZlbHEuSxR1\nYmgHKYFxL31xMChVCmV4dHJhX3RhZ3NxMVgAAAAAVQdtZXNzYWdlcTJYSAAAAFRoZSBwdW5uICJM\nZXMgYXJtb2lyaWVzIGRlIEphY3F1ZXMgRHVjaGVzbmVhdSIgd2FzIGNoYW5nZWQgc3VjY2Vzc2Z1\nbGx5LnEzVQVsZXZlbHE0SxR1YmgHKYFxNX1xNihVCmV4dHJhX3RhZ3NxN1gAAAAAVQdtZXNzYWdl\ncThYNAAAAFRoZSBwdW5uICJQcmVtacOocmUgaW1hZ2UiIHdhcyBjaGFuZ2VkIHN1Y2Nlc3NmdWxs\neS5xOVUFbGV2ZWxxOksUdWJoBymBcTt9cTwoVQpleHRyYV90YWdzcT1YAAAAAFUHbWVzc2FnZXE+\nWEQAAABUaGUgcHVubiAiZmRzYSIgd2FzIGFkZGVkIHN1Y2Nlc3NmdWxseS4gWW91IG1heSBlZGl0\nIGl0IGFnYWluIGJlbG93LnE/VQVsZXZlbHFASxR1YmgHKYFxQX1xQihVCmV4dHJhX3RhZ3NxQ1gA\nAAAAVQdtZXNzYWdlcURYKQAAAFRoZSBwdW5uICJmZHNhIiB3YXMgY2hhbmdlZCBzdWNjZXNzZnVs\nbHkucUVVBWxldmVscUZLFHViaAcpgXFHfXFIKFUKZXh0cmFfdGFnc3FJWAAAAABVB21lc3NhZ2Vx\nSlgdAAAAU3VjY2Vzc2Z1bGx5IGRlbGV0ZWQgNiBwdW5ucy5xS1UFbGV2ZWxxTEsUdWJoBymBcU19\ncU4oVQpleHRyYV90YWdzcU9YAAAAAFUHbWVzc2FnZXFQWBwAAABTdWNjZXNzZnVsbHkgZGVsZXRl\nZCAxIHB1bm4ucVFVBWxldmVscVJLFHViZXUu\n','2012-08-25 00:42:14'),('9920da296d397671b4947cd60821d8ce','ODIyOTcwMTA2ZDZmM2ZkNzkwODE0N2IzM2EyZmFlNWFiMjY4MGEzNDqAAn1xAVUKdGVzdGNvb2tp\nZXECVQZ3b3JrZWRxA3Mu\n','2012-08-25 19:15:31'),('1239b9c10950dfd7eccef150c3f4694c','ODIyOTcwMTA2ZDZmM2ZkNzkwODE0N2IzM2EyZmFlNWFiMjY4MGEzNDqAAn1xAVUKdGVzdGNvb2tp\nZXECVQZ3b3JrZWRxA3Mu\n','2012-08-25 22:51:23'),('ad8d2068d2ae297cb3b12e257d04264f','ODIyOTcwMTA2ZDZmM2ZkNzkwODE0N2IzM2EyZmFlNWFiMjY4MGEzNDqAAn1xAVUKdGVzdGNvb2tp\nZXECVQZ3b3JrZWRxA3Mu\n','2012-08-30 08:16:46'),('cf9a1607b82568b281a50b1590c42669','ODIyOTcwMTA2ZDZmM2ZkNzkwODE0N2IzM2EyZmFlNWFiMjY4MGEzNDqAAn1xAVUKdGVzdGNvb2tp\nZXECVQZ3b3JrZWRxA3Mu\n','2012-08-30 08:16:47'),('18735ebe61b0ce898ff841019aba051c','ODIyOTcwMTA2ZDZmM2ZkNzkwODE0N2IzM2EyZmFlNWFiMjY4MGEzNDqAAn1xAVUKdGVzdGNvb2tp\nZXECVQZ3b3JrZWRxA3Mu\n','2012-08-30 08:17:06'),('7732d95a69c490b16f711377adc32e75','ODIyOTcwMTA2ZDZmM2ZkNzkwODE0N2IzM2EyZmFlNWFiMjY4MGEzNDqAAn1xAVUKdGVzdGNvb2tp\nZXECVQZ3b3JrZWRxA3Mu\n','2012-08-30 08:17:07'),('8d741e2e732ea27be3fd311266abfaea','ODIyOTcwMTA2ZDZmM2ZkNzkwODE0N2IzM2EyZmFlNWFiMjY4MGEzNDqAAn1xAVUKdGVzdGNvb2tp\nZXECVQZ3b3JrZWRxA3Mu\n','2012-08-30 08:23:11'),('c18cf5a4f036f92047d31024022f6c68','ODIyOTcwMTA2ZDZmM2ZkNzkwODE0N2IzM2EyZmFlNWFiMjY4MGEzNDqAAn1xAVUKdGVzdGNvb2tp\nZXECVQZ3b3JrZWRxA3Mu\n','2012-08-30 08:23:11'),('cc925f5407fcdbf8e5cc60deb233658c','ODIyOTcwMTA2ZDZmM2ZkNzkwODE0N2IzM2EyZmFlNWFiMjY4MGEzNDqAAn1xAVUKdGVzdGNvb2tp\nZXECVQZ3b3JrZWRxA3Mu\n','2012-08-29 15:11:24'),('ff3d1f7129d2fc417112f4408ff9d238','ODIyOTcwMTA2ZDZmM2ZkNzkwODE0N2IzM2EyZmFlNWFiMjY4MGEzNDqAAn1xAVUKdGVzdGNvb2tp\nZXECVQZ3b3JrZWRxA3Mu\n','2012-09-03 21:19:15'),('4b29c57dfb69c5a8b695bd07b1a4d039','ODIyOTcwMTA2ZDZmM2ZkNzkwODE0N2IzM2EyZmFlNWFiMjY4MGEzNDqAAn1xAVUKdGVzdGNvb2tp\nZXECVQZ3b3JrZWRxA3Mu\n','2012-09-03 21:28:53'),('4015001ccaec6f8e494e511f871a9c02','ODIyOTcwMTA2ZDZmM2ZkNzkwODE0N2IzM2EyZmFlNWFiMjY4MGEzNDqAAn1xAVUKdGVzdGNvb2tp\nZXECVQZ3b3JrZWRxA3Mu\n','2012-09-03 21:28:54'),('fb1d71a07a4e954d5eb147a2841635c1','ODIyOTcwMTA2ZDZmM2ZkNzkwODE0N2IzM2EyZmFlNWFiMjY4MGEzNDqAAn1xAVUKdGVzdGNvb2tp\nZXECVQZ3b3JrZWRxA3Mu\n','2012-09-03 21:45:19'),('68d9c1aead5196d43117d6f70384a01e','ODIyOTcwMTA2ZDZmM2ZkNzkwODE0N2IzM2EyZmFlNWFiMjY4MGEzNDqAAn1xAVUKdGVzdGNvb2tp\nZXECVQZ3b3JrZWRxA3Mu\n','2012-09-03 21:45:20'),('b6f6c58809bd0ce66b3c60b0597aab42','ODIyOTcwMTA2ZDZmM2ZkNzkwODE0N2IzM2EyZmFlNWFiMjY4MGEzNDqAAn1xAVUKdGVzdGNvb2tp\nZXECVQZ3b3JrZWRxA3Mu\n','2012-09-04 07:40:54'),('84a1b34454bfc853443b551673c7fd04','ODIyOTcwMTA2ZDZmM2ZkNzkwODE0N2IzM2EyZmFlNWFiMjY4MGEzNDqAAn1xAVUKdGVzdGNvb2tp\nZXECVQZ3b3JrZWRxA3Mu\n','2012-09-04 07:40:55'),('8716ea8f2827f39ef3169f2dd5a15a16','ODIyOTcwMTA2ZDZmM2ZkNzkwODE0N2IzM2EyZmFlNWFiMjY4MGEzNDqAAn1xAVUKdGVzdGNvb2tp\nZXECVQZ3b3JrZWRxA3Mu\n','2012-09-04 11:13:59'),('a9f256026352e349e6e52c48d4444f78','ODIyOTcwMTA2ZDZmM2ZkNzkwODE0N2IzM2EyZmFlNWFiMjY4MGEzNDqAAn1xAVUKdGVzdGNvb2tp\nZXECVQZ3b3JrZWRxA3Mu\n','2012-09-04 11:14:00'),('ecfe7bb0f4e5f490724ef224216c4c6f','ODIyOTcwMTA2ZDZmM2ZkNzkwODE0N2IzM2EyZmFlNWFiMjY4MGEzNDqAAn1xAVUKdGVzdGNvb2tp\nZXECVQZ3b3JrZWRxA3Mu\n','2012-09-04 12:41:37'),('12d3cc3191ba6df8632234ab68d6b02b','ODIyOTcwMTA2ZDZmM2ZkNzkwODE0N2IzM2EyZmFlNWFiMjY4MGEzNDqAAn1xAVUKdGVzdGNvb2tp\nZXECVQZ3b3JrZWRxA3Mu\n','2012-09-04 12:41:38'),('cb53f84e0fbe8a5c983567da740ed07f','ODIyOTcwMTA2ZDZmM2ZkNzkwODE0N2IzM2EyZmFlNWFiMjY4MGEzNDqAAn1xAVUKdGVzdGNvb2tp\nZXECVQZ3b3JrZWRxA3Mu\n','2012-09-04 12:44:57'),('2dbd95608f8c239670f4d5d07cd39fd9','ODIyOTcwMTA2ZDZmM2ZkNzkwODE0N2IzM2EyZmFlNWFiMjY4MGEzNDqAAn1xAVUKdGVzdGNvb2tp\nZXECVQZ3b3JrZWRxA3Mu\n','2012-09-04 12:44:58'),('d51dc849aa147d04dcc96232718ba92f','ODIyOTcwMTA2ZDZmM2ZkNzkwODE0N2IzM2EyZmFlNWFiMjY4MGEzNDqAAn1xAVUKdGVzdGNvb2tp\nZXECVQZ3b3JrZWRxA3Mu\n','2012-09-04 12:47:31'),('d0c305107c01822d5545399db5565b17','ODIyOTcwMTA2ZDZmM2ZkNzkwODE0N2IzM2EyZmFlNWFiMjY4MGEzNDqAAn1xAVUKdGVzdGNvb2tp\nZXECVQZ3b3JrZWRxA3Mu\n','2012-09-04 12:47:32'),('94537ec207302e2da42f1dd1e7c9c4b5','ODIyOTcwMTA2ZDZmM2ZkNzkwODE0N2IzM2EyZmFlNWFiMjY4MGEzNDqAAn1xAVUKdGVzdGNvb2tp\nZXECVQZ3b3JrZWRxA3Mu\n','2012-09-04 15:43:12'),('9be925d5a798a249ecb69c343e326eda','ODIyOTcwMTA2ZDZmM2ZkNzkwODE0N2IzM2EyZmFlNWFiMjY4MGEzNDqAAn1xAVUKdGVzdGNvb2tp\nZXECVQZ3b3JrZWRxA3Mu\n','2012-09-04 15:43:13'),('d21ea7ee49352bd74ce419b2ca334994','ODIyOTcwMTA2ZDZmM2ZkNzkwODE0N2IzM2EyZmFlNWFiMjY4MGEzNDqAAn1xAVUKdGVzdGNvb2tp\nZXECVQZ3b3JrZWRxA3Mu\n','2012-09-05 21:42:42'),('65e3b8fdea9a1cf280721a1bcb615972','ODIyOTcwMTA2ZDZmM2ZkNzkwODE0N2IzM2EyZmFlNWFiMjY4MGEzNDqAAn1xAVUKdGVzdGNvb2tp\nZXECVQZ3b3JrZWRxA3Mu\n','2012-09-06 18:22:29'),('0c02c01a2bd65944e8db4dac24accf7b','ODIyOTcwMTA2ZDZmM2ZkNzkwODE0N2IzM2EyZmFlNWFiMjY4MGEzNDqAAn1xAVUKdGVzdGNvb2tp\nZXECVQZ3b3JrZWRxA3Mu\n','2012-09-09 06:49:52'),('324151ac08d1301fe4e39c15d775cebe','NzE3MGVhOWM2ZmIzYjdhNzU1MDEwNDcxYzllMzNkYWY2NDk1MTlhNjqAAn1xAShVEl9hdXRoX3Vz\nZXJfYmFja2VuZHECVSlkamFuZ28uY29udHJpYi5hdXRoLmJhY2tlbmRzLk1vZGVsQmFja2VuZHED\nVQ1fYXV0aF91c2VyX2lkcQSKAQF1Lg==\n','2012-09-09 16:16:37'),('2e7994ca7a4cc45f96f65633effce02f','NzE3MGVhOWM2ZmIzYjdhNzU1MDEwNDcxYzllMzNkYWY2NDk1MTlhNjqAAn1xAShVEl9hdXRoX3Vz\nZXJfYmFja2VuZHECVSlkamFuZ28uY29udHJpYi5hdXRoLmJhY2tlbmRzLk1vZGVsQmFja2VuZHED\nVQ1fYXV0aF91c2VyX2lkcQSKAQF1Lg==\n','2012-09-09 23:18:19'),('577dc0ed53863b48f3de533c3bd1c175','NzE3MGVhOWM2ZmIzYjdhNzU1MDEwNDcxYzllMzNkYWY2NDk1MTlhNjqAAn1xAShVEl9hdXRoX3Vz\nZXJfYmFja2VuZHECVSlkamFuZ28uY29udHJpYi5hdXRoLmJhY2tlbmRzLk1vZGVsQmFja2VuZHED\nVQ1fYXV0aF91c2VyX2lkcQSKAQF1Lg==\n','2012-09-09 23:22:54');
/*!40000 ALTER TABLE `django_session` ENABLE KEYS */;
UNLOCK TABLES;

--
-- Table structure for table `django_site`
--

DROP TABLE IF EXISTS `django_site`;
/*!40101 SET @saved_cs_client     = @@character_set_client */;
/*!40101 SET character_set_client = utf8 */;
CREATE TABLE `django_site` (
  `id` int(11) NOT NULL AUTO_INCREMENT,
  `domain` varchar(100) NOT NULL,
  `name` varchar(50) NOT NULL,
  PRIMARY KEY (`id`)
) ENGINE=MyISAM AUTO_INCREMENT=8 DEFAULT CHARSET=latin1;
/*!40101 SET character_set_client = @saved_cs_client */;

--
-- Dumping data for table `django_site`
--

LOCK TABLES `django_site` WRITE;
/*!40000 ALTER TABLE `django_site` DISABLE KEYS */;
INSERT INTO `django_site` VALUES (6,'punnit.ca','punnit.ca'),(5,'votedonc.ca','VoteDonc.Ca'),(7,'punn.it','punn.it');
/*!40000 ALTER TABLE `django_site` ENABLE KEYS */;
UNLOCK TABLES;

--
-- Table structure for table `images_image`
--

DROP TABLE IF EXISTS `images_image`;
/*!40101 SET @saved_cs_client     = @@character_set_client */;
/*!40101 SET character_set_client = utf8 */;
CREATE TABLE `images_image` (
  `id` int(11) NOT NULL AUTO_INCREMENT,
  `punn_id` int(11) NOT NULL,
  `image` varchar(100) DEFAULT NULL,
  PRIMARY KEY (`id`),
  UNIQUE KEY `punn_id` (`punn_id`)
) ENGINE=MyISAM AUTO_INCREMENT=55 DEFAULT CHARSET=latin1;
/*!40101 SET character_set_client = @saved_cs_client */;

--
-- Dumping data for table `images_image`
--

LOCK TABLES `images_image` WRITE;
/*!40000 ALTER TABLE `images_image` DISABLE KEYS */;
INSERT INTO `images_image` VALUES (15,15,'P.jpeg'),(14,14,'O.jpeg'),(11,11,'L.jpeg'),(10,10,'K.png'),(7,7,'H.jpeg'),(8,8,'I.png'),(9,9,'J.jpeg'),(16,16,'Q.jpeg'),(17,17,'R.jpg'),(18,18,'S.jpg'),(19,19,'T.png'),(20,20,'U.jpg-large'),(21,21,'V.jpeg'),(22,22,'W.jpeg'),(23,23,'X.jpg-large'),(24,24,'Y.png'),(25,25,'Z.png'),(26,26,'0.jpeg'),(27,27,'1.jpeg'),(28,28,'2.png-large'),(29,29,'3.jpeg'),(42,42,'g.png'),(48,48,'m.jpeg'),(49,49,'n.jpeg'),(50,50,'o.png-large'),(51,51,'p.jpg-large'),(52,52,'q.jpeg'),(53,53,'r.jpeg');
/*!40000 ALTER TABLE `images_image` ENABLE KEYS */;
UNLOCK TABLES;

--
-- Table structure for table `punns_punn`
--

DROP TABLE IF EXISTS `punns_punn`;
/*!40101 SET @saved_cs_client     = @@character_set_client */;
/*!40101 SET character_set_client = utf8 */;
CREATE TABLE `punns_punn` (
  `id` int(11) NOT NULL AUTO_INCREMENT,
  `base62id` varchar(140) CHARACTER SET utf8 COLLATE utf8_bin DEFAULT NULL,
  `title` varchar(140) NOT NULL,
  `karma` int(11) NOT NULL DEFAULT '0',
  `source` varchar(300) NOT NULL,
  `author_id` int(11) NOT NULL,
  `original_punn_id` int(11) DEFAULT NULL,
  `created` datetime NOT NULL,
  `pub_date` datetime DEFAULT NULL,
  `pic` varchar(100),
  PRIMARY KEY (`id`),
  KEY `punns_punn_337b96ff` (`author_id`),
  KEY `punns_punn_75471248` (`original_punn_id`)
) ENGINE=MyISAM AUTO_INCREMENT=148 DEFAULT CHARSET=latin1;
/*!40101 SET character_set_client = @saved_cs_client */;

--
-- Dumping data for table `punns_punn`
--

LOCK TABLES `punns_punn` WRITE;
/*!40000 ALTER TABLE `punns_punn` DISABLE KEYS */;
INSERT INTO `punns_punn` VALUES (66,'BE','Tony Accurso',0,'https://www.facebook.com/media/set/?set=a.10151913663459460.508161.525544459&type=1',2,NULL,'2012-08-13 15:32:09','2012-08-22 15:06:39','BE.jpeg'),(64,'BC','Paul Desmarais : Pour avoir le Québec',0,'https://www.facebook.com/media/set/?set=a.10151913663459460.508161.525544459&type=1',2,NULL,'2012-08-13 12:01:34','2012-08-22 15:06:39','BC.jpg'),(61,'z','Duo Legault',0,'',2,NULL,'2012-08-13 11:13:17','2012-08-22 15:06:39','z.jpeg'),(58,'w','Licornes pour tous!',0,'',2,NULL,'2012-08-13 11:10:35','2012-08-22 15:06:39','w.jpeg'),(59,'x','Votez porte-parole!',0,'',2,NULL,'2012-08-13 11:11:26','2012-08-22 15:06:39','x.jpeg'),(7,'H','Première image',0,'',2,NULL,'2012-08-09 11:03:12','2012-08-22 15:06:39','H_1.jpeg'),(8,'I','Les armoiries de Jacques Duchesneau',0,'http://jacquesduchesneau.com/',2,NULL,'2012-08-09 12:25:40','2012-08-22 15:06:39','I_1.png'),(9,'J','Khadafi était pas si pire selon un candidat d’ON.  ',0,'http://blogues.journaldemontreal.com/',2,NULL,'2012-08-09 12:27:15','2012-08-22 15:06:39','J_1.jpeg'),(10,'K','Citation de Pauline Marois',0,'',2,NULL,'2012-08-09 12:32:42','2012-08-22 15:06:39','K_1.png'),(11,'L','Al Capone, 2012',0,'',2,NULL,'2012-08-09 12:35:23','2012-08-22 15:06:39','L_1.jpeg'),(14,'O','Francois Legault et ses tweeds',0,'',2,NULL,'2012-08-09 12:37:39','2012-08-22 15:06:39','O_1.jpeg'),(15,'P','Le candidat ésotérique de la CAQ.  ',0,'',2,NULL,'2012-08-09 12:39:31','2012-08-22 15:06:39','P_1.jpeg'),(16,'Q','Extrémisme totalitaire',0,'',2,NULL,'2012-08-09 12:40:35','2012-08-22 15:06:39','Q_1.jpeg'),(17,'R','Cétacé, faut que ca change',0,'',2,NULL,'2012-08-09 12:51:23','2012-08-22 15:06:39','R_1.jpg'),(18,'S','Sureté du parti Libéral',0,'',2,NULL,'2012-08-09 12:51:57','2012-08-22 15:06:39','S_1.jpg'),(19,'T','Citation de Francois Pérusse',0,'',2,NULL,'2012-08-09 12:54:46','2012-08-22 15:06:39','T_1.png'),(20,'U','[Caricature] Jean Charest suite au depart de Gabriel Nadeau-Dubois',0,'https://twitter.com/NieDesrochers/status/233615853210460161/photo/1/large',2,NULL,'2012-08-09 13:36:29','2012-08-22 15:06:39','U_1.jpg-large'),(21,'V','Stéphane Gendron aime Jean Charest',0,'',2,NULL,'2012-08-09 13:47:13','2012-08-22 15:06:39','V_1.jpeg'),(22,'W','Putain ça craint!',0,'',2,NULL,'2012-08-09 13:48:42','2012-08-22 15:06:39','W_1.jpeg'),(23,'X','Où est Rebello?',0,'',2,NULL,'2012-08-09 13:54:22','2012-08-22 15:06:39','X_1.jpg-large'),(24,'Y','Québec Solidaire est dans le champ.  ',0,'',2,NULL,'2012-08-09 14:05:39','2012-08-22 15:06:39','Y_1.png'),(25,'Z','La richesse d\'un chef',0,'',2,NULL,'2012-08-09 14:21:11','2012-08-22 15:06:39','Z_1.png'),(26,'0','La démission du jedi',0,'',2,NULL,'2012-08-09 16:46:01','2012-08-22 15:06:39','0_1.jpeg'),(27,'1','Selon un article de Playboy, Jean Charest aurait un frère jumeau qui habite Pigalle, en France.',0,'',2,NULL,'2012-08-09 16:59:18','2012-08-22 15:06:39','1_1.jpeg'),(28,'2','Le JDM le confirme, Charest c\'est Legault',0,'',2,NULL,'2012-08-10 11:25:43','2012-08-22 15:06:39','2_1.png-large'),(29,'3','5 septembre 2012',0,'',2,NULL,'2012-08-10 11:26:38','2012-08-22 15:06:39','3_1.jpeg'),(106,'Bi','Excellent conseil',0,'http://twitter.com/crapules/status/236175504867209217',2,NULL,'2012-08-16 15:06:25','2012-08-22 15:06:39','Bi.png'),(105,'Bh','Gargacharest',0,'',2,NULL,'2012-08-16 14:40:40','2012-08-22 15:06:39','Bh.jpeg'),(104,'Bg','François Legault guérit un paresseux',0,'',2,NULL,'2012-08-16 14:13:53','2012-08-22 15:06:39','Bg.jpeg'),(103,'Bf','Pour le Québec mon oeil ',0,'http://www.martinlachapelle.com/portfolio/pour-le-quebec-mon-oeil/',2,NULL,'2012-08-16 14:08:30','2012-08-22 15:06:39','Bf_1.jpeg'),(42,'g','En ce moment..',0,'',2,NULL,'2012-08-10 14:08:01','2012-08-22 15:06:39','g_1.png'),(102,'Be','1-800-Got-Junk',0,'http://blogues.radio-canada.ca/infoman/2012/08/16/jean-charest-est-beaucoup-parmi-nous/',2,NULL,'2012-08-16 14:00:15','2012-08-22 15:06:39','Be.jpeg'),(101,'Bd','Tumblr de Sam Hamad (hamadadream.tumblr.com)',0,'',2,NULL,'2012-08-16 11:38:13','2012-08-22 15:06:39','Bd.jpg'),(100,'Bc','Tumblr de Leo BB (fuckyeahleobureaublouin.tumblr.com)',0,'',2,NULL,'2012-08-16 11:37:22','2012-08-22 15:06:39','Bc.jpg'),(99,'Bb','La presse de ce matin, payée et autorisée par l\'agent officiel de la CAQ?:',0,'',2,NULL,'2012-08-16 10:06:15','2012-08-22 15:06:39','Bb.jpg'),(48,'m','Pauline Marois aime le yogourt mais pas toujours',0,'',2,NULL,'2012-08-10 15:18:36','2012-08-22 15:06:39','m_1.jpeg'),(49,'n','L\'émission humoristique de l\'année',0,'',2,NULL,'2012-08-10 15:35:28','2012-08-22 15:06:39','n_2.jpeg'),(50,'o','Erreur 404, programme introuvable',0,'',2,NULL,'2012-08-10 16:03:29','2012-08-22 15:06:39','o_1.png-large'),(51,'p','Bébé autobus',0,'',2,NULL,'2012-08-10 16:44:48','2012-08-22 15:06:39','p_1.jpg-large'),(52,'q','CAQophonie',0,'',2,NULL,'2012-08-10 16:52:30','2012-08-22 15:06:39','q_1.jpeg'),(53,'r',' En manque de nouveaux candidats-vedettes',0,'',2,NULL,'2012-08-10 17:47:45','2012-08-22 15:06:39','r_1.jpeg'),(65,'BD','Chuck est dans la course',0,'https://www.facebook.com/media/set/?set=a.10151913663459460.508161.525544459&type=1',2,NULL,'2012-08-13 14:23:59','2012-08-22 15:06:39','BD.jpeg'),(60,'y','Copilote',0,'',2,NULL,'2012-08-13 11:12:25','2012-08-22 15:06:39','y.jpeg'),(67,'BF','Risque de collusion',0,'',2,NULL,'2012-08-13 15:34:22','2012-08-22 15:06:39','BF.jpeg'),(68,'BG','Laurent Proulx',0,'https://www.facebook.com/media/set/?set=a.10151913663459460.508161.525544459&type=1',2,NULL,'2012-08-13 15:35:34','2012-08-22 15:06:39','BG.jpg'),(69,'BH','Retournez à l\'école!',0,'',2,NULL,'2012-08-13 15:36:14','2012-08-22 15:06:39','BH.jpeg'),(70,'BI','Plan diabolique',0,'',2,NULL,'2012-08-13 17:32:19','2012-08-22 15:06:39','BI.jpeg'),(71,'BJ','Gérard Deltell retrouvé',0,'',2,NULL,'2012-08-14 14:13:29','2012-08-22 15:06:39','BJ.jpeg'),(72,'BK','Question pour la CAQ',0,'',2,NULL,'2012-08-14 14:15:06','2012-08-22 15:06:39','BK.jpeg'),(73,'BL','Pour les enveloppes',0,'https://www.facebook.com/media/set/?set=a.10151913663459460.508161.525544459&type=1',2,NULL,'2012-08-14 14:37:22','2012-08-22 15:06:39','BL.jpeg'),(74,'BM','Votez pour le mal',0,'https://www.facebook.com/media/set/?set=a.10151913663459460.508161.525544459&type=1',2,NULL,'2012-08-14 14:38:16','2012-08-22 15:06:39','BM.jpeg'),(75,'BN','La belle vie!',0,'',2,NULL,'2012-08-14 14:38:45','2012-08-22 15:06:39','BN.jpeg'),(76,'BO','Pour le futur!',0,'https://www.facebook.com/media/set/?set=a.10151913663459460.508161.525544459&type=1',2,NULL,'2012-08-14 14:39:03','2012-08-22 15:06:39','BO.jpeg'),(77,'BP','Pour le poivre!',0,'https://www.facebook.com/media/set/?set=a.10151913663459460.508161.525544459&type=1',2,NULL,'2012-08-14 14:39:37','2012-08-22 15:06:39','BP.jpeg'),(78,'BQ','Legaultzilla',0,'',2,NULL,'2012-08-14 15:37:21','2012-08-22 15:06:39','BQ.jpeg'),(79,'BR','Forever alONe',0,'',2,NULL,'2012-08-14 15:46:49','2012-08-22 15:06:39','BR.jpeg'),(80,'BS','Pour du sang neuf',0,'https://www.facebook.com/media/set/?set=a.10151913663459460.508161.525544459&type=1',2,NULL,'2012-08-14 15:47:07','2012-08-22 15:06:39','BS.jpeg'),(81,'BT','Buffet à volonté',0,'https://www.facebook.com/LOL78.Experience',2,NULL,'2012-08-14 16:18:42','2012-08-22 15:06:39','BT.jpeg'),(82,'BU','Nouveau slogan',0,'https://www.facebook.com/media/set/?set=a.10151913663459460.508161.525544459&type=1',2,NULL,'2012-08-14 17:10:15','2012-08-22 15:06:39','BU.jpg-large'),(83,'BV','L\'ile Noire d\'Anticosti',0,'https://www.facebook.com/LOL78.Experience',2,NULL,'2012-08-14 17:19:57','2012-08-22 15:06:39','BV.jpeg'),(84,'BW','Merci aux Justiciers Masqués pour la mention sur leur blogue',0,'',2,NULL,'2012-08-14 17:24:32','2012-08-22 15:06:39','BW.png'),(85,'BX','Quelle bonne idée!',0,'https://www.facebook.com/lepartiquebecois',2,NULL,'2012-08-14 18:07:45','2012-08-22 15:06:39','BX.jpg-large'),(86,'BY','Emplacement idéologique de la CAQ ',0,'https://www.facebook.com/photo.php?fbid=10152027766670112&set=a.10151154151580112.791579.559815111&type=1&theater',2,NULL,'2012-08-14 18:35:59','2012-08-22 15:06:39','BY.jpeg'),(87,'BZ','Dr Allumette',0,'https://www.facebook.com/photo.php?fbid=428770910502643&set=a.389279251118476.86670.388374404542294&type=1&theater',2,NULL,'2012-08-14 18:39:36','2012-08-22 15:06:39','BZ.jpeg'),(88,'B0','Pour la belle vie',0,'',2,NULL,'2012-08-15 10:04:39','2012-08-22 15:06:39','B0.jpeg'),(89,'B1','Pour les Amaricains',0,'',2,NULL,'2012-08-15 10:07:07','2012-08-22 15:06:39','B1.jpeg'),(90,'B2','Pour la famiglia',0,'',2,NULL,'2012-08-15 10:08:19','2012-08-22 15:06:39','B2.jpeg'),(91,'B3','Pour le gel',0,'',2,NULL,'2012-08-15 10:08:55','2012-08-22 15:06:39','B3.jpeg'),(92,'B4','Après Batman, Tintin te dit d\'aller voter',0,'https://www.facebook.com/photo.php?fbid=428910023822065&set=a.389279251118476.86670.388374404542294&type=1&theater',2,NULL,'2012-08-15 10:18:15','2012-08-22 15:06:39','B4.jpeg'),(93,'B5','Pour être con',0,'',2,NULL,'2012-08-15 10:24:25','2012-08-22 15:06:39','B5.jpeg'),(94,'B6','Alléluia !',0,'https://www.facebook.com/photo.php?fbid=429215360458198&set=a.389279251118476.86670.388374404542294&type=1&theater',2,NULL,'2012-08-15 11:33:07','2012-08-22 15:06:39','B6.jpeg'),(95,'B7','Pour les légumes',0,'',2,NULL,'2012-08-15 11:33:27','2012-08-22 15:06:39','B7.jpeg'),(96,'B8','Pour qui ?',0,'https://www.facebook.com/mikael.lebleu/posts/271230859645059',2,NULL,'2012-08-15 17:00:02','2012-08-22 15:06:39','B8.jpeg'),(97,'B9','Pour la vérité',0,'',2,NULL,'2012-08-15 17:00:55','2012-08-22 15:06:39','B9.jpeg'),(98,'Ba','C\'est bon pour',0,'',2,NULL,'2012-08-15 17:46:01','2012-08-22 15:06:39','Ba.jpeg'),(107,'Bj','Voulez vous dire PQ? ',0,'',2,NULL,'2012-08-16 15:14:30','2012-08-22 15:06:39','Bj.jpeg'),(108,'Bk','Oups, on a fait une erreur dans son nom. Pas grave, mets un p\'tit carré bleu...',0,'',2,NULL,'2012-08-16 15:16:39','2012-08-22 15:06:39','Bk.jpeg'),(109,'Bl','Pour la police',0,'',2,NULL,'2012-08-16 15:26:43','2012-08-22 15:06:39','Bl.jpeg'),(110,'Bm','Tir groupé sur liberaux.net',0,'https://www.facebook.com/photo.php?fbid=4358989460163&set=a.1803590416784.2103152.1450568970&type=1&theater',2,NULL,'2012-08-17 14:29:26','2012-08-22 15:06:39','Bm.jpeg'),(111,'Bn','Wikipedia annonce la mort du parti conservateur du Québec...en 1935!',0,'',2,NULL,'2012-08-17 14:44:20','2012-08-22 15:06:39','Bn.png'),(112,'Bo','Bellemare ne sera pas candidat dans Sherbrooke',0,'https://twitter.com/DydierDefaye/status/236534519547715585/photo/1',2,NULL,'2012-08-17 14:48:32','2012-08-22 15:06:39','Bo.jpeg'),(113,'Bp','Dehors Charest: pas l\'temps d\'niaiser',0,'',2,NULL,'2012-08-17 15:45:24','2012-08-22 15:06:39','.jpeg_1'),(114,'Bq','Les poubelles débordent',0,'https://twitter.com/viceroyazul/status/237275711424049152/photo/1/large',2,NULL,'2012-08-19 16:02:44','2012-08-22 15:06:39','Bq.jpg-large'),(115,'Br','Oupsss',0,'http://checkdonc.ca/55486',2,NULL,'2012-08-20 16:45:19','2012-08-22 15:06:39','.jpeg_2'),(116,'Bs','Publicité gratuite au Parti Conservateur du Québec',0,'',2,NULL,'2012-08-21 15:12:12','2012-08-22 15:06:39','.jpeg_3'),(117,'Bt','Klout topics, ça peut être drôle. ',0,'https://www.facebook.com/',2,NULL,'2012-08-21 15:35:25','2012-08-22 15:06:39','.png'),(118,'Bu','Les deux mains sur le ...oupss',0,'https://www.facebook.com/LOL78.Experience',2,NULL,'2012-08-22 11:15:39','2012-08-22 15:06:39','.jpeg_4'),(119,'Bv','Tout va bien..',0,'https://www.facebook.com/LOL78.Experience',2,NULL,'2012-08-22 11:15:54','2012-08-22 15:06:39','.jpeg_5'),(120,'Bw','Francoise David passe à la TV',0,'https://www.facebook.com/LOL78.Experience',2,NULL,'2012-08-22 11:20:08','2012-08-22 15:06:39','Bw.jpeg'),(121,'Bx','Chanson de Legault',0,'https://www.facebook.com/LOL78.Experience',2,NULL,'2012-08-22 11:21:04','2012-08-22 15:06:39','.jpeg_6'),(122,'By','Jeff Fillion fidèle à lui même',0,'https://www.facebook.com/LOL78.Experience',2,NULL,'2012-08-22 11:23:37','2012-08-22 15:06:39','.jpeg_7'),(123,'Bz','Questions su Legault..',0,'https://www.facebook.com/LOL78.Experience',2,NULL,'2012-08-22 11:24:13','2012-08-22 15:06:39','.jpeg_8'),(124,'CA','Vroum Vroum Vroum',0,'https://www.facebook.com/LOL78.Experience',2,NULL,'2012-08-22 11:24:43','2012-08-22 15:06:39','.jpeg_9'),(125,'CB','94 promesses',0,'https://www.facebook.com/LOL78.Experience',2,NULL,'2012-08-22 11:25:20','2012-08-22 15:06:39','.jpeg_10'),(126,'CC','On veut plus de ça en politique',0,'',2,NULL,'2012-08-22 11:51:57','2012-08-22 15:06:39','.png_1'),(127,'CD','Stratégie électorale de Jean Charest',0,'',2,NULL,'2012-08-22 12:05:21','2012-08-22 15:06:40','.jpeg_11'),(128,'CE','Le combat des chefs',0,'http://blogues.journaldemontreal.com/elections2012/',2,NULL,'2012-08-22 12:14:19','2012-08-24 13:57:20','CE.jpeg'),(141,'CR','Le logo de la CAQ expliqué',0,'http://imgur.com/RyqDB',2,NULL,'2012-08-24 12:50:08','2012-08-24 12:53:01','.jpeg_22'),(129,'CF','Deuxième face à face terminé',0,'http://www.lapresse.ca/photos/201208/18/12-8673-caricatures-du-19-au-25-aout-2012.php',2,NULL,'2012-08-22 12:19:49','2012-08-22 15:06:40','CF.jpeg'),(130,'CG','Et voilà',0,'',1,NULL,'2012-08-22 18:01:29','2012-08-22 18:01:29','.png_2'),(131,'CH','...moi aussi.',0,'http://bit.ly/Quwdac',2,NULL,'2012-08-23 10:13:25','2012-08-23 10:22:21','.jpg'),(132,'CI','Oh wow!',0,'',2,NULL,'2012-08-23 10:25:11','2012-08-23 10:25:11','.jpeg_13'),(133,'CJ','Les gagnants..',0,'',2,NULL,'2012-08-23 10:25:28','2012-08-23 10:25:28','.jpeg_14'),(134,'CK','Fin des débats',0,'',2,NULL,'2012-08-23 10:25:51','2012-08-23 10:25:51','.jpeg_15'),(135,'CL','Plus vite..!',0,'',2,NULL,'2012-08-23 10:26:28','2012-08-23 10:26:28','.jpeg_16'),(136,'CM','Bilan',0,'',2,NULL,'2012-08-23 10:26:48','2012-08-23 10:26:48','.jpeg_17'),(137,'CN','Caribalai',0,'https://www.facebook.com/photo.php?fbid=432007786845622&set=a.389279251118476.86670.388374404542294&type=1&relevant_count=1&ref=nf',2,NULL,'2012-08-23 10:35:12','2012-08-23 10:35:12','.jpeg_18'),(138,'CO','Circonscriptions à surveiller',0,'https://www.facebook.com/photo.php?fbid=10151174827570781&set=a.10150430540600781.413923.753455780&type=1&theater',2,NULL,'2012-08-23 10:39:27','2012-08-23 10:39:27','.jpeg_19'),(139,'CP','Les caribous de l\'indépendance',0,'https://www.facebook.com/photo.php?fbid=273674042745580&set=a.177513922361593.36017.177354159044236&type=1&theater',2,NULL,'2012-08-23 14:28:41','2012-08-23 14:43:40','.jpeg_20'),(140,'CQ','Francois Legault en entrevue ',0,'',2,NULL,'2012-08-24 10:36:21','2012-08-24 10:36:21','.jpeg_21'),(142,'CS','Détachant tout-usage',0,'https://www.facebook.com/photo.php?fbid=10151171982545926&set=p.10151171982545926&type=1&ref=nf',2,NULL,'2012-08-24 13:02:43','2012-08-24 13:02:43','.jpeg_23'),(147,'CX','fdsafdsa',0,'',1,NULL,'2012-08-27 21:24:31','2012-08-27 21:24:31','');
/*!40000 ALTER TABLE `punns_punn` ENABLE KEYS */;
UNLOCK TABLES;

--
-- Table structure for table `south_migrationhistory`
--

DROP TABLE IF EXISTS `south_migrationhistory`;
/*!40101 SET @saved_cs_client     = @@character_set_client */;
/*!40101 SET character_set_client = utf8 */;
CREATE TABLE `south_migrationhistory` (
  `id` int(11) NOT NULL AUTO_INCREMENT,
  `app_name` varchar(255) NOT NULL,
  `migration` varchar(255) NOT NULL,
  `applied` datetime NOT NULL,
  PRIMARY KEY (`id`)
) ENGINE=MyISAM AUTO_INCREMENT=12 DEFAULT CHARSET=latin1;
/*!40101 SET character_set_client = @saved_cs_client */;

--
-- Dumping data for table `south_migrationhistory`
--

LOCK TABLES `south_migrationhistory` WRITE;
/*!40000 ALTER TABLE `south_migrationhistory` DISABLE KEYS */;
INSERT INTO `south_migrationhistory` VALUES (1,'punns','0001_initial','2012-08-04 13:52:17'),(2,'comments','0001_initial','2012-08-04 13:52:25'),(3,'accounts','0001_initial','2012-08-04 13:52:30'),(4,'images','0001_initial','2012-08-04 13:52:39'),(5,'punns','0002_auto__del_field_punn_reddit_link__del_field_punn_facebook_publication_','2012-08-11 00:12:22'),(6,'punns','0003_auto__del_field_punn_description','2012-08-11 00:13:44'),(7,'punns','0004_auto__add_field_punn_pic','2012-08-11 00:16:04'),(8,'punns','0005_auto__add_field_punn_site','2012-08-16 15:13:46'),(9,'punns','0006_auto__del_field_punn_site','2012-08-16 15:14:52'),(10,'accounts','0002_auto__del_field_userprofile_link_color__del_field_userprofile_twitter_','2012-08-21 18:14:58'),(11,'accounts','0003_auto__del_field_userprofile_site','2012-08-22 17:14:12');
/*!40000 ALTER TABLE `south_migrationhistory` ENABLE KEYS */;
UNLOCK TABLES;

--
-- Table structure for table `thumbnail_kvstore`
--

DROP TABLE IF EXISTS `thumbnail_kvstore`;
/*!40101 SET @saved_cs_client     = @@character_set_client */;
/*!40101 SET character_set_client = utf8 */;
CREATE TABLE `thumbnail_kvstore` (
  `key` varchar(200) NOT NULL,
  `value` longtext NOT NULL,
  PRIMARY KEY (`key`)
) ENGINE=MyISAM DEFAULT CHARSET=latin1;
/*!40101 SET character_set_client = @saved_cs_client */;

--
-- Dumping data for table `thumbnail_kvstore`
--

LOCK TABLES `thumbnail_kvstore` WRITE;
/*!40000 ALTER TABLE `thumbnail_kvstore` DISABLE KEYS */;
INSERT INTO `thumbnail_kvstore` VALUES ('sorl-thumbnail||image||45008c353770edb6e4a1fa8a38a90514','{\"storage\": \"django.core.files.storage.FileSystemStorage\", \"name\": \"B.jpeg\", \"size\": [1600, 1200]}'),('sorl-thumbnail||image||06fe6d1fe2476d193c4b6fce1bdc7a6b','{\"storage\": \"django.core.files.storage.FileSystemStorage\", \"name\": \"cache/47/60/4760c86776852e0dc3e130e50f76b9a2.jpg\", \"size\": [155, 160]}'),('sorl-thumbnail||thumbnails||45008c353770edb6e4a1fa8a38a90514','[\"a69c180426c4f126289a79b81faa40f2\", \"3e0e043d4dd7a730c22480895136f83c\", \"06fe6d1fe2476d193c4b6fce1bdc7a6b\", \"e0746ee5c678c033fae3af4966e39123\", \"ba288a6b38f378be276701d876a822ec\"]'),('sorl-thumbnail||image||ae7cdf6ab904e220ce372be00e012c38','{\"storage\": \"django.core.files.storage.FileSystemStorage\", \"name\": \"C.jpeg\", \"size\": [1024, 683]}'),('sorl-thumbnail||image||e5db9cf61d465f128a93a490e0584b60','{\"storage\": \"django.core.files.storage.FileSystemStorage\", \"name\": \"cache/a5/1b/a51b6bd1723ddb4e5d2f4384fdcf4a13.jpg\", \"size\": [155, 160]}'),('sorl-thumbnail||thumbnails||ae7cdf6ab904e220ce372be00e012c38','[\"e5db9cf61d465f128a93a490e0584b60\", \"d7a9f7532834b8a62b76ec31140c8e60\", \"0034a977452e63a65cebe006c237b13d\", \"ea7766abd4e1376cb2ad8f1417e84db1\", \"1fc8040aec217027b4842017ed1a1de0\", \"85da2fd20af3ef05f23f73a9caa4f92e\", \"19455d76b4113532632643bc542be3e8\", \"e21d14d3746fdbaefeb5ff24ff96f07b\", \"5e7a819d41313c01d4b9f282bd93d03c\"]'),('sorl-thumbnail||image||d8813a7a798c6e91c188e9b86533d3c5','{\"storage\": \"django.core.files.storage.FileSystemStorage\", \"name\": \"D.jpeg\", \"size\": [1024, 691]}'),('sorl-thumbnail||image||dfa432e2fda107219a1ef57a62c112bc','{\"storage\": \"django.core.files.storage.FileSystemStorage\", \"name\": \"cache/c5/32/c5328b4245f7bd8776b9c89caaba19e2.jpg\", \"size\": [155, 160]}'),('sorl-thumbnail||thumbnails||d8813a7a798c6e91c188e9b86533d3c5','[\"1e288116f7aa085440bba32e5a1c6cdd\", \"dfa432e2fda107219a1ef57a62c112bc\", \"14b9ef36123b0aafb39f793fba25a2f5\", \"a7f6960a2f3d62693a495d2bb87a2604\", \"7a19f0b7cf41d85f2849a3955c221443\", \"e3b177b8d9b7796c396f27f75f195be4\", \"9a2b115d594955986784721d7941f859\", \"493de961a541137a502de9ee910114e4\", \"badf0833d6131b3f601bf6232ba44a27\"]'),('sorl-thumbnail||image||87e17e4bff138292f7e9d89b3ffee4b5','{\"storage\": \"django.core.files.storage.FileSystemStorage\", \"name\": \"E.jpeg\", \"size\": [4435, 1823]}'),('sorl-thumbnail||image||35de538d5b7b29f0ef62c116ac75c138','{\"storage\": \"django.core.files.storage.FileSystemStorage\", \"name\": \"cache/45/a2/45a2a3bc3b55478f6f0e4430f943afe5.jpg\", \"size\": [155, 160]}'),('sorl-thumbnail||thumbnails||87e17e4bff138292f7e9d89b3ffee4b5','[\"d59b3134480a3121658da2f4cc452297\", \"f9be3e64e303a94c8ba7db815b062deb\", \"4f299c21cf30ad62ae82d3f7168aea24\", \"2b2e00c6b07ad386b3665b36d3d7a97a\", \"44f2b2431be7d567475aae7d60e2fcd0\", \"725d88edd90f13d7943e6a2100ae5a70\", \"35de538d5b7b29f0ef62c116ac75c138\", \"3a380b856104df445392fd23f1c163e8\", \"9ea2c4a0dfb3539f9e9027ef7e3741d0\"]'),('sorl-thumbnail||image||b22080c9c1a90f577c195a0fb6a44581','{\"storage\": \"django.core.files.storage.FileSystemStorage\", \"name\": \"F.jpeg\", \"size\": [640, 480]}'),('sorl-thumbnail||image||8d1317079ea18e02e59da98a209e492a','{\"storage\": \"django.core.files.storage.FileSystemStorage\", \"name\": \"cache/f5/14/f5148c402d9a53f4bde5d1dccfb02420.jpg\", \"size\": [155, 160]}'),('sorl-thumbnail||thumbnails||b22080c9c1a90f577c195a0fb6a44581','[\"8d1317079ea18e02e59da98a209e492a\", \"c8553c6e8883868dd0e0b0d66fbadb5a\", \"5de48dab4d4fa2f5e087c4601710593a\", \"f6cfccbbce9a96b702a0febc58d1cbde\", \"e1f8edfc00acd87196bbda856cce004d\", \"7d2d91c6755b3899f8fefeedf97b6ea2\", \"5149270ce4d7ff6fcb56d142a5ebcb89\", \"2a79352e87680e271e4ee7058aab9d52\", \"bcc8a574b3eeea795ba363f39a6b3fc8\"]'),('sorl-thumbnail||image||b6a327977dd08817b02e405a3caf6a61','{\"storage\": \"django.core.files.storage.FileSystemStorage\", \"name\": \"G.jpeg\", \"size\": [1600, 1200]}'),('sorl-thumbnail||image||c2dbeb4cc1a536c93dd8b0931eb6c970','{\"storage\": \"django.core.files.storage.FileSystemStorage\", \"name\": \"cache/26/3e/263ee9a098be195e1e7b5f8b1c40ad16.jpg\", \"size\": [155, 160]}'),('sorl-thumbnail||thumbnails||b6a327977dd08817b02e405a3caf6a61','[\"dcc23def7b5333baef6948e064430442\", \"c2dbeb4cc1a536c93dd8b0931eb6c970\", \"547bfd41d849c7ad4b936861dae53a08\", \"90abb048a7b42e7cf07ffcee2addc7c8\", \"4b3dcc3f0316e116a3d0180ba4ea2d37\", \"9eafd1d994540bba86a6564553f2aaff\", \"f42ff8411e34c4ce58bf6bddf099dff5\", \"71950b7c049ae9a2dba6a56e815e4224\", \"ca611c6653c8576b18d4ec3a73dd796f\"]'),('sorl-thumbnail||image||f42ff8411e34c4ce58bf6bddf099dff5','{\"storage\": \"django.core.files.storage.FileSystemStorage\", \"name\": \"cache/15/18/151856d3dff639811984572744676d20.jpg\", \"size\": [130, 130]}'),('sorl-thumbnail||image||19455d76b4113532632643bc542be3e8','{\"storage\": \"django.core.files.storage.FileSystemStorage\", \"name\": \"cache/b5/f8/b5f86362a0071605749b98ab952d0ccc.jpg\", \"size\": [130, 130]}'),('sorl-thumbnail||image||1e288116f7aa085440bba32e5a1c6cdd','{\"storage\": \"django.core.files.storage.FileSystemStorage\", \"name\": \"cache/f8/1e/f81eccafc83042e1ef131ef386bcaaa3.jpg\", \"size\": [130, 130]}'),('sorl-thumbnail||image||9ea2c4a0dfb3539f9e9027ef7e3741d0','{\"storage\": \"django.core.files.storage.FileSystemStorage\", \"name\": \"cache/dd/09/dd093634d2c4d3a6f8e8b922a7b91117.jpg\", \"size\": [130, 130]}'),('sorl-thumbnail||image||5149270ce4d7ff6fcb56d142a5ebcb89','{\"storage\": \"django.core.files.storage.FileSystemStorage\", \"name\": \"cache/7e/0b/7e0b646324bbb767e00dfee98fc04fdb.jpg\", \"size\": [130, 130]}'),('sorl-thumbnail||image||85da2fd20af3ef05f23f73a9caa4f92e','{\"storage\": \"django.core.files.storage.FileSystemStorage\", \"name\": \"cache/44/49/444936a3ee3664aa06b63c6b19bc7ff4.jpg\", \"size\": [100, 100]}'),('sorl-thumbnail||image||badf0833d6131b3f601bf6232ba44a27','{\"storage\": \"django.core.files.storage.FileSystemStorage\", \"name\": \"cache/b3/57/b3574dcf9bf8086dc52e051b338294ff.jpg\", \"size\": [100, 100]}'),('sorl-thumbnail||image||f9be3e64e303a94c8ba7db815b062deb','{\"storage\": \"django.core.files.storage.FileSystemStorage\", \"name\": \"cache/fc/4f/fc4f8b03bd255f74f198b7e2c5d52564.jpg\", \"size\": [100, 100]}'),('sorl-thumbnail||image||7d2d91c6755b3899f8fefeedf97b6ea2','{\"storage\": \"django.core.files.storage.FileSystemStorage\", \"name\": \"cache/e1/a4/e1a4edb44303cffa56a6e91a7d4b86f4.jpg\", \"size\": [100, 100]}'),('sorl-thumbnail||image||547bfd41d849c7ad4b936861dae53a08','{\"storage\": \"django.core.files.storage.FileSystemStorage\", \"name\": \"cache/f1/1c/f11ccd52aa7a81fcd764f2442e501547.jpg\", \"size\": [100, 100]}'),('sorl-thumbnail||image||ea7766abd4e1376cb2ad8f1417e84db1','{\"storage\": \"django.core.files.storage.FileSystemStorage\", \"name\": \"cache/78/e8/78e87683c8f4058ccd57175c1d3c1468.jpg\", \"size\": [80, 80]}'),('sorl-thumbnail||image||7a19f0b7cf41d85f2849a3955c221443','{\"storage\": \"django.core.files.storage.FileSystemStorage\", \"name\": \"cache/87/b3/87b30c1b0e2a71755bbfa58da491a9c6.jpg\", \"size\": [80, 80]}'),('sorl-thumbnail||image||44f2b2431be7d567475aae7d60e2fcd0','{\"storage\": \"django.core.files.storage.FileSystemStorage\", \"name\": \"cache/6d/f1/6df19a5a4b43053e23f884bfcbde585f.jpg\", \"size\": [80, 80]}'),('sorl-thumbnail||image||e1f8edfc00acd87196bbda856cce004d','{\"storage\": \"django.core.files.storage.FileSystemStorage\", \"name\": \"cache/2d/71/2d7131a1cbd86d11775d03f8ee9ff2c3.jpg\", \"size\": [80, 80]}'),('sorl-thumbnail||image||71950b7c049ae9a2dba6a56e815e4224','{\"storage\": \"django.core.files.storage.FileSystemStorage\", \"name\": \"cache/d6/da/d6dac77c9fff61cbee99df53376ca9fa.jpg\", \"size\": [80, 80]}'),('sorl-thumbnail||image||1fc8040aec217027b4842017ed1a1de0','{\"storage\": \"django.core.files.storage.FileSystemStorage\", \"name\": \"cache/34/d0/34d0165fefb3eec8999789ccf4b2411e.jpg\", \"size\": [75, 75]}'),('sorl-thumbnail||image||14b9ef36123b0aafb39f793fba25a2f5','{\"storage\": \"django.core.files.storage.FileSystemStorage\", \"name\": \"cache/43/ed/43ed162c7fe4794d5f6d4bfee231923b.jpg\", \"size\": [75, 75]}'),('sorl-thumbnail||image||725d88edd90f13d7943e6a2100ae5a70','{\"storage\": \"django.core.files.storage.FileSystemStorage\", \"name\": \"cache/a3/df/a3df10afebfa67644610d1068fe8ca18.jpg\", \"size\": [75, 75]}'),('sorl-thumbnail||image||2a79352e87680e271e4ee7058aab9d52','{\"storage\": \"django.core.files.storage.FileSystemStorage\", \"name\": \"cache/f2/8a/f28aaf2a2a5689eea2d77e301fa0da5e.jpg\", \"size\": [75, 75]}'),('sorl-thumbnail||image||9eafd1d994540bba86a6564553f2aaff','{\"storage\": \"django.core.files.storage.FileSystemStorage\", \"name\": \"cache/8f/ee/8fee180eae0ce3c1f4b78bddd5f6f8ee.jpg\", \"size\": [75, 75]}'),('sorl-thumbnail||image||493de961a541137a502de9ee910114e4','{\"storage\": \"django.core.files.storage.FileSystemStorage\", \"name\": \"cache/ba/38/ba38de21bef783044a3b1c00107faacc.jpg\", \"size\": [60, 60]}'),('sorl-thumbnail||image||4f299c21cf30ad62ae82d3f7168aea24','{\"storage\": \"django.core.files.storage.FileSystemStorage\", \"name\": \"cache/26/f2/26f2627644e0dcae228ce065721f7191.jpg\", \"size\": [60, 60]}'),('sorl-thumbnail||image||bcc8a574b3eeea795ba363f39a6b3fc8','{\"storage\": \"django.core.files.storage.FileSystemStorage\", \"name\": \"cache/0f/a3/0fa32001b3c7081aa42905eba7c97472.jpg\", \"size\": [60, 60]}'),('sorl-thumbnail||image||90abb048a7b42e7cf07ffcee2addc7c8','{\"storage\": \"django.core.files.storage.FileSystemStorage\", \"name\": \"cache/15/f3/15f35579ff564b6130a798e0ee6ed048.jpg\", \"size\": [60, 60]}'),('sorl-thumbnail||image||0034a977452e63a65cebe006c237b13d','{\"storage\": \"django.core.files.storage.FileSystemStorage\", \"name\": \"cache/52/c5/52c5653391572792c178a46398c394e2.jpg\", \"size\": [60, 60]}'),('sorl-thumbnail||image||e0746ee5c678c033fae3af4966e39123','{\"storage\": \"django.core.files.storage.FileSystemStorage\", \"name\": \"cache/05/6d/056de16c3e92a417549f4e9a591e7a79.jpg\", \"size\": [60, 60]}'),('sorl-thumbnail||image||ca611c6653c8576b18d4ec3a73dd796f','{\"storage\": \"django.core.files.storage.FileSystemStorage\", \"name\": \"cache/0a/3d/0a3d9010b3e0871f92f491a0610565c5.jpg\", \"size\": [155, 180]}'),('sorl-thumbnail||image||f6cfccbbce9a96b702a0febc58d1cbde','{\"storage\": \"django.core.files.storage.FileSystemStorage\", \"name\": \"cache/af/d2/afd2ec606a2c3c8988d4236a6f209d13.jpg\", \"size\": [155, 180]}'),('sorl-thumbnail||image||d59b3134480a3121658da2f4cc452297','{\"storage\": \"django.core.files.storage.FileSystemStorage\", \"name\": \"cache/d6/6f/d66fd9c47faba517ea9a7dc6dffc888c.jpg\", \"size\": [155, 180]}'),('sorl-thumbnail||image||e3b177b8d9b7796c396f27f75f195be4','{\"storage\": \"django.core.files.storage.FileSystemStorage\", \"name\": \"cache/03/61/0361e945d7af31c4ae8b8e6cc340333f.jpg\", \"size\": [155, 180]}'),('sorl-thumbnail||image||5e7a819d41313c01d4b9f282bd93d03c','{\"storage\": \"django.core.files.storage.FileSystemStorage\", \"name\": \"cache/83/7b/837b6dc62bfb994fdadfffa703362978.jpg\", \"size\": [155, 180]}'),('sorl-thumbnail||image||3e0e043d4dd7a730c22480895136f83c','{\"storage\": \"django.core.files.storage.FileSystemStorage\", \"name\": \"cache/93/f6/93f6c6a068c758c283ae69d9bcdd117d.jpg\", \"size\": [155, 180]}'),('sorl-thumbnail||image||dcc23def7b5333baef6948e064430442','{\"storage\": \"django.core.files.storage.FileSystemStorage\", \"name\": \"cache/a8/10/a81073a8dee756f159a23aace32b6748.jpg\", \"size\": [155, 185]}'),('sorl-thumbnail||image||5de48dab4d4fa2f5e087c4601710593a','{\"storage\": \"django.core.files.storage.FileSystemStorage\", \"name\": \"cache/94/b5/94b5f300e7e651034208d56f8fc780fe.jpg\", \"size\": [155, 185]}'),('sorl-thumbnail||image||2b2e00c6b07ad386b3665b36d3d7a97a','{\"storage\": \"django.core.files.storage.FileSystemStorage\", \"name\": \"cache/6b/c1/6bc12ae772428e73dd96e20f271a04fc.jpg\", \"size\": [155, 185]}'),('sorl-thumbnail||image||a7f6960a2f3d62693a495d2bb87a2604','{\"storage\": \"django.core.files.storage.FileSystemStorage\", \"name\": \"cache/63/23/6323afaebd85e5f1801ac01b8622ab00.jpg\", \"size\": [155, 185]}'),('sorl-thumbnail||image||e21d14d3746fdbaefeb5ff24ff96f07b','{\"storage\": \"django.core.files.storage.FileSystemStorage\", \"name\": \"cache/4a/b4/4ab41606a26d87da748dbedf251f304b.jpg\", \"size\": [155, 185]}'),('sorl-thumbnail||image||ba288a6b38f378be276701d876a822ec','{\"storage\": \"django.core.files.storage.FileSystemStorage\", \"name\": \"cache/a6/02/a6022ebd6e0989f62c0de1c731440eff.jpg\", \"size\": [155, 185]}'),('sorl-thumbnail||image||c8553c6e8883868dd0e0b0d66fbadb5a','{\"storage\": \"django.core.files.storage.FileSystemStorage\", \"name\": \"cache/63/43/6343901f12bdbe9a976c6d8c4b01443f.jpg\", \"size\": [95, 115]}'),('sorl-thumbnail||image||3a380b856104df445392fd23f1c163e8','{\"storage\": \"django.core.files.storage.FileSystemStorage\", \"name\": \"cache/f6/6a/f66a92ab1c9687ea4f0de9a7473f156f.jpg\", \"size\": [95, 115]}'),('sorl-thumbnail||image||9a2b115d594955986784721d7941f859','{\"storage\": \"django.core.files.storage.FileSystemStorage\", \"name\": \"cache/a4/4a/a44a4dcb3b9f20114ef96ad923a35ed4.jpg\", \"size\": [95, 115]}'),('sorl-thumbnail||image||d7a9f7532834b8a62b76ec31140c8e60','{\"storage\": \"django.core.files.storage.FileSystemStorage\", \"name\": \"cache/a0/3b/a03bbf0c9a0c27c5d2bda223ffdf0969.jpg\", \"size\": [95, 115]}'),('sorl-thumbnail||image||a69c180426c4f126289a79b81faa40f2','{\"storage\": \"django.core.files.storage.FileSystemStorage\", \"name\": \"cache/9f/62/9f624040a8e6256388ec2cb3ff14634d.jpg\", \"size\": [95, 115]}'),('sorl-thumbnail||image||8f88d33e8da88e78c0677d17e97a04d9','{\"storage\": \"django.core.files.storage.FileSystemStorage\", \"name\": \"H.jpeg\", \"size\": [478, 89]}'),('sorl-thumbnail||image||b51629d794a30db104a927a787f7b78b','{\"storage\": \"django.core.files.storage.FileSystemStorage\", \"name\": \"cache/54/06/5406f489366142a00be2df39c58191a9.jpg\", \"size\": [155, 185]}'),('sorl-thumbnail||thumbnails||8f88d33e8da88e78c0677d17e97a04d9','[\"0977dffec44239f110b1054c7600a13d\", \"b51629d794a30db104a927a787f7b78b\"]'),('sorl-thumbnail||image||4b3dcc3f0316e116a3d0180ba4ea2d37','{\"storage\": \"django.core.files.storage.FileSystemStorage\", \"name\": \"cache/3b/da/3bda00a0039dd08d7e00b143bd5a6b1c.jpg\", \"size\": [95, 115]}'),('sorl-thumbnail||image||027123ed3068645b5479fd489cde5bd1','{\"storage\": \"django.core.files.storage.FileSystemStorage\", \"name\": \"J.jpeg\", \"size\": [733, 644]}'),('sorl-thumbnail||image||323a5d74a42c9375201a09e66989eb23','{\"storage\": \"django.core.files.storage.FileSystemStorage\", \"name\": \"cache/13/da/13dae483d93b37499c881e4e59754a40.jpg\", \"size\": [155, 185]}'),('sorl-thumbnail||thumbnails||027123ed3068645b5479fd489cde5bd1','[\"323a5d74a42c9375201a09e66989eb23\", \"84b6b7866a2e91c1b309458a57f24422\"]'),('sorl-thumbnail||image||50beb4308116f27dff48760470421688','{\"storage\": \"django.core.files.storage.FileSystemStorage\", \"name\": \"cache/3a/eb/3aebaa856c4b65672246fb28059fd417.jpg\", \"size\": [155, 185]}'),('sorl-thumbnail||thumbnails||19d7055e9c80293956dd6268b9341b7d','[\"19a5de923801a55d0bef44c4694f55c7\", \"c6f1084be22e22cba48eb4780e964320\", \"50beb4308116f27dff48760470421688\"]'),('sorl-thumbnail||image||c6f1084be22e22cba48eb4780e964320','{\"storage\": \"django.core.files.storage.FileSystemStorage\", \"name\": \"cache/de/bd/debdbdbfd73fc34c47e52cf7f1321fb4.jpg\", \"size\": [95, 115]}'),('sorl-thumbnail||image||0977dffec44239f110b1054c7600a13d','{\"storage\": \"django.core.files.storage.FileSystemStorage\", \"name\": \"cache/07/8f/078f41a484336db3aa4388a63c3d669e.jpg\", \"size\": [95, 115]}'),('sorl-thumbnail||image||f1429d6b948fec3ebf8ba8eb81aa3140','{\"storage\": \"django.core.files.storage.FileSystemStorage\", \"name\": \"K.png\", \"size\": [513, 116]}'),('sorl-thumbnail||image||6594cc03cfd3310bdd53ed948c7816a7','{\"storage\": \"django.core.files.storage.FileSystemStorage\", \"name\": \"cache/1b/a3/1ba3372a2969983cc92a8351b885af2f.jpg\", \"size\": [155, 185]}'),('sorl-thumbnail||thumbnails||f1429d6b948fec3ebf8ba8eb81aa3140','[\"6594cc03cfd3310bdd53ed948c7816a7\", \"e9b0bfc1b5eb1c321507be52952d9058\"]'),('sorl-thumbnail||image||84b6b7866a2e91c1b309458a57f24422','{\"storage\": \"django.core.files.storage.FileSystemStorage\", \"name\": \"cache/1e/d8/1ed833d1bde3a5c1d3c72d23c80f63e3.jpg\", \"size\": [95, 115]}'),('sorl-thumbnail||image||fd91cb802e53f2c417c2c034ae97eb6f','{\"storage\": \"django.core.files.storage.FileSystemStorage\", \"name\": \"Q.jpeg\", \"size\": [1072, 827]}'),('sorl-thumbnail||image||d2998fa9d144255cb6527c633c40f6be','{\"storage\": \"django.core.files.storage.FileSystemStorage\", \"name\": \"cache/18/d0/18d0ea40e83953c6c8da10d9eb3d4fde.jpg\", \"size\": [155, 185]}'),('sorl-thumbnail||thumbnails||fd91cb802e53f2c417c2c034ae97eb6f','[\"e10893f860c03f807adcae0bf00e1f90\", \"d2998fa9d144255cb6527c633c40f6be\"]'),('sorl-thumbnail||image||560e66abbd21c23db06e17103103c647','{\"storage\": \"django.core.files.storage.FileSystemStorage\", \"name\": \"P.jpeg\", \"size\": [1280, 660]}'),('sorl-thumbnail||image||55c9235dcd6f102b5bd1a4bb4f4054ab','{\"storage\": \"django.core.files.storage.FileSystemStorage\", \"name\": \"cache/13/74/13747e80d273f24c28f513d412fbeb2b.jpg\", \"size\": [155, 185]}'),('sorl-thumbnail||thumbnails||560e66abbd21c23db06e17103103c647','[\"55c9235dcd6f102b5bd1a4bb4f4054ab\", \"376004bb483333a79a20cc88d708b451\"]'),('sorl-thumbnail||image||597c41fb28b194387550e971f0954b65','{\"storage\": \"django.core.files.storage.FileSystemStorage\", \"name\": \"O.jpeg\", \"size\": [960, 556]}'),('sorl-thumbnail||image||9bea5cc7dd147e6a5b45ca4719126087','{\"storage\": \"django.core.files.storage.FileSystemStorage\", \"name\": \"cache/f7/e9/f7e9d98078991a05bb5091aac0be8bc6.jpg\", \"size\": [155, 185]}'),('sorl-thumbnail||thumbnails||597c41fb28b194387550e971f0954b65','[\"eb575d621be6f0707a0519776d2bca77\", \"9bea5cc7dd147e6a5b45ca4719126087\"]'),('sorl-thumbnail||image||af8ed8fa7264b888270d6cff9a0c1c5c','{\"storage\": \"django.core.files.storage.FileSystemStorage\", \"name\": \"N.jpeg\", \"size\": [615, 615]}'),('sorl-thumbnail||image||70877ca029a3145adebf6750377e6ed0','{\"storage\": \"django.core.files.storage.FileSystemStorage\", \"name\": \"cache/7a/6b/7a6bfac2a18620d4f4135588157fe612.jpg\", \"size\": [155, 185]}'),('sorl-thumbnail||thumbnails||af8ed8fa7264b888270d6cff9a0c1c5c','[\"4913af7be6ef6e4e76fb176e6b177384\", \"70877ca029a3145adebf6750377e6ed0\"]'),('sorl-thumbnail||image||65f28ac9864500e626051408462b0e65','{\"storage\": \"django.core.files.storage.FileSystemStorage\", \"name\": \"M.jpeg\", \"size\": [615, 615]}'),('sorl-thumbnail||image||94a37d015ee5558f991d654ce8299c16','{\"storage\": \"django.core.files.storage.FileSystemStorage\", \"name\": \"cache/88/e5/88e5416744140d745c1257a998fba701.jpg\", \"size\": [155, 185]}'),('sorl-thumbnail||thumbnails||65f28ac9864500e626051408462b0e65','[\"6de354ca7a92b567a5ad6e3ec978b756\", \"94a37d015ee5558f991d654ce8299c16\"]'),('sorl-thumbnail||image||05c6618dd986a23737d119013c990b5e','{\"storage\": \"django.core.files.storage.FileSystemStorage\", \"name\": \"L.jpeg\", \"size\": [477, 720]}'),('sorl-thumbnail||image||ff586a4cf0976e3e5eff581efca326b1','{\"storage\": \"django.core.files.storage.FileSystemStorage\", \"name\": \"cache/d4/34/d4344ff0476e6ae19d2d717ebf7c4a1e.jpg\", \"size\": [155, 185]}'),('sorl-thumbnail||thumbnails||05c6618dd986a23737d119013c990b5e','[\"0b5e4f489d6fba26181896a4fb226ea3\", \"ff586a4cf0976e3e5eff581efca326b1\"]'),('sorl-thumbnail||image||376004bb483333a79a20cc88d708b451','{\"storage\": \"django.core.files.storage.FileSystemStorage\", \"name\": \"cache/d0/22/d02243f91e399fb669672936b5803310.jpg\", \"size\": [95, 115]}'),('sorl-thumbnail||image||eb575d621be6f0707a0519776d2bca77','{\"storage\": \"django.core.files.storage.FileSystemStorage\", \"name\": \"cache/bf/b5/bfb5945166f3c3775c96e18d2492ff96.jpg\", \"size\": [95, 115]}'),('sorl-thumbnail||image||4913af7be6ef6e4e76fb176e6b177384','{\"storage\": \"django.core.files.storage.FileSystemStorage\", \"name\": \"cache/73/5b/735b978234e65a2de1c66f0967835e88.jpg\", \"size\": [95, 115]}'),('sorl-thumbnail||image||6de354ca7a92b567a5ad6e3ec978b756','{\"storage\": \"django.core.files.storage.FileSystemStorage\", \"name\": \"cache/b0/0c/b00cda0d838e30af85f7f9c853340c3b.jpg\", \"size\": [95, 115]}'),('sorl-thumbnail||image||0b5e4f489d6fba26181896a4fb226ea3','{\"storage\": \"django.core.files.storage.FileSystemStorage\", \"name\": \"cache/05/3f/053fcf252e997995d37070bbbe5f1aff.jpg\", \"size\": [95, 115]}'),('sorl-thumbnail||image||e9b0bfc1b5eb1c321507be52952d9058','{\"storage\": \"django.core.files.storage.FileSystemStorage\", \"name\": \"cache/31/69/316994e352202485a8f62b657421ef66.jpg\", \"size\": [95, 115]}'),('sorl-thumbnail||image||ce392a63332175eafddac1eaa87861e8','{\"storage\": \"django.core.files.storage.FileSystemStorage\", \"name\": \"R.jpg\", \"size\": [598, 345]}'),('sorl-thumbnail||image||163c6b342cadb221e92eeb5bc81a072e','{\"storage\": \"django.core.files.storage.FileSystemStorage\", \"name\": \"cache/21/50/215012bec10271327442035e80987aa0.jpg\", \"size\": [155, 185]}'),('sorl-thumbnail||thumbnails||ce392a63332175eafddac1eaa87861e8','[\"163c6b342cadb221e92eeb5bc81a072e\", \"a83544be06a7f38360178d747c95c83f\"]'),('sorl-thumbnail||image||8c3526b48a38f07b49c70a80a2e56805','{\"storage\": \"django.core.files.storage.FileSystemStorage\", \"name\": \"S.jpg\", \"size\": [578, 375]}'),('sorl-thumbnail||image||c5f8a917b11350eb8da82630b9f34cb5','{\"storage\": \"django.core.files.storage.FileSystemStorage\", \"name\": \"cache/5d/8e/5d8e578a36606fe1a1c9d2bbc7823eb2.jpg\", \"size\": [155, 185]}'),('sorl-thumbnail||thumbnails||8c3526b48a38f07b49c70a80a2e56805','[\"c5f8a917b11350eb8da82630b9f34cb5\", \"3e87f9cf07c1827dfb51475df461f95c\"]'),('sorl-thumbnail||image||c4d1f2bfc41c8e9386c91bc9d6162b9c','{\"storage\": \"django.core.files.storage.FileSystemStorage\", \"name\": \"T.png\", \"size\": [541, 219]}'),('sorl-thumbnail||image||e7ccb1c6bc97ce4c10a8a4a8e4b4b917','{\"storage\": \"django.core.files.storage.FileSystemStorage\", \"name\": \"cache/cd/82/cd82dd2195db1d828e0ca0906ced91bf.jpg\", \"size\": [155, 185]}'),('sorl-thumbnail||thumbnails||c4d1f2bfc41c8e9386c91bc9d6162b9c','[\"0a5ad95b1b51fb721e714540236f70fb\", \"e7ccb1c6bc97ce4c10a8a4a8e4b4b917\"]'),('sorl-thumbnail||image||3e87f9cf07c1827dfb51475df461f95c','{\"storage\": \"django.core.files.storage.FileSystemStorage\", \"name\": \"cache/90/e2/90e29c061998ab3d857750f248061fa0.jpg\", \"size\": [95, 115]}'),('sorl-thumbnail||image||a83544be06a7f38360178d747c95c83f','{\"storage\": \"django.core.files.storage.FileSystemStorage\", \"name\": \"cache/86/46/86460aa1ab883120e8dd3d05272b6e42.jpg\", \"size\": [95, 115]}'),('sorl-thumbnail||image||e10893f860c03f807adcae0bf00e1f90','{\"storage\": \"django.core.files.storage.FileSystemStorage\", \"name\": \"cache/c0/8b/c08b7ff7522b8023042ec119961de2b9.jpg\", \"size\": [95, 115]}'),('sorl-thumbnail||image||8439a3b8c7367384352da01454a4b645','{\"storage\": \"django.core.files.storage.FileSystemStorage\", \"name\": \"U.jpg-large\", \"size\": [630, 536]}'),('sorl-thumbnail||image||846dfcf2b23e0c65aee1a4bb1c09269a','{\"storage\": \"django.core.files.storage.FileSystemStorage\", \"name\": \"cache/a6/e8/a6e8f69cc8b900b23c39e324ab3601fd.jpg\", \"size\": [155, 185]}'),('sorl-thumbnail||thumbnails||8439a3b8c7367384352da01454a4b645','[\"098746f43dc0f6c25c7c62eb78b17598\", \"846dfcf2b23e0c65aee1a4bb1c09269a\"]'),('sorl-thumbnail||image||0a5ad95b1b51fb721e714540236f70fb','{\"storage\": \"django.core.files.storage.FileSystemStorage\", \"name\": \"cache/83/36/8336b1341d003119cf83c73b972dc6f6.jpg\", \"size\": [95, 115]}'),('sorl-thumbnail||image||6c608a4192e0d4a2bab5e464b1f3aff8','{\"storage\": \"django.core.files.storage.FileSystemStorage\", \"name\": \"V.jpeg\", \"size\": [589, 504]}'),('sorl-thumbnail||image||7080e8c4da350466bcbe69c59f2d04ce','{\"storage\": \"django.core.files.storage.FileSystemStorage\", \"name\": \"cache/fe/84/fe846eaed6e8fe856d12b579bf527327.jpg\", \"size\": [155, 185]}'),('sorl-thumbnail||thumbnails||6c608a4192e0d4a2bab5e464b1f3aff8','[\"126e042040a631e5df14e131cf204f14\", \"7080e8c4da350466bcbe69c59f2d04ce\"]'),('sorl-thumbnail||image||1d14f5b8f09898665168ba0ac7f41dc0','{\"storage\": \"django.core.files.storage.FileSystemStorage\", \"name\": \"W.jpeg\", \"size\": [700, 525]}'),('sorl-thumbnail||image||0c36e64c699a9d338862e5456f1afa0e','{\"storage\": \"django.core.files.storage.FileSystemStorage\", \"name\": \"cache/84/1e/841eb1294b0f40dc9633c213ca02ad0a.jpg\", \"size\": [155, 185]}'),('sorl-thumbnail||thumbnails||1d14f5b8f09898665168ba0ac7f41dc0','[\"0c36e64c699a9d338862e5456f1afa0e\", \"7849682c938f500a00685fdafa232c5b\"]'),('sorl-thumbnail||image||75c5ef3a944c3cdef3f3f3fe47a3d618','{\"storage\": \"django.core.files.storage.FileSystemStorage\", \"name\": \"X.jpg-large\", \"size\": [960, 720]}'),('sorl-thumbnail||image||08afe054edffb960fd9db70b2155597a','{\"storage\": \"django.core.files.storage.FileSystemStorage\", \"name\": \"cache/ea/7d/ea7d897a36fdf4ce50f5fb6763ea18e9.jpg\", \"size\": [155, 185]}'),('sorl-thumbnail||thumbnails||75c5ef3a944c3cdef3f3f3fe47a3d618','[\"08afe054edffb960fd9db70b2155597a\", \"60ce30fb15ef462df1caf3d5c2684e79\"]'),('sorl-thumbnail||image||7849682c938f500a00685fdafa232c5b','{\"storage\": \"django.core.files.storage.FileSystemStorage\", \"name\": \"cache/13/d7/13d7434e41bb28e86a01b33a2eedc67b.jpg\", \"size\": [95, 115]}'),('sorl-thumbnail||image||126e042040a631e5df14e131cf204f14','{\"storage\": \"django.core.files.storage.FileSystemStorage\", \"name\": \"cache/94/79/947961c0adf46dff9ebb935bbd2449f6.jpg\", \"size\": [95, 115]}'),('sorl-thumbnail||image||098746f43dc0f6c25c7c62eb78b17598','{\"storage\": \"django.core.files.storage.FileSystemStorage\", \"name\": \"cache/e6/06/e6062be5edb9a31ab2606389507a2840.jpg\", \"size\": [95, 115]}'),('sorl-thumbnail||image||fd66a2723623eb4d1fc615950098fa19','{\"storage\": \"django.core.files.storage.FileSystemStorage\", \"name\": \"Y.png\", \"size\": [552, 350]}'),('sorl-thumbnail||image||b27d8d9c8ce5aac90d3143448b9069f1','{\"storage\": \"django.core.files.storage.FileSystemStorage\", \"name\": \"cache/d8/4c/d84c3dc005f7cfc0c762edc3c177a6e9.jpg\", \"size\": [155, 185]}'),('sorl-thumbnail||thumbnails||fd66a2723623eb4d1fc615950098fa19','[\"d55e11f39f7ced0c3585e9122bf47139\", \"b27d8d9c8ce5aac90d3143448b9069f1\"]'),('sorl-thumbnail||image||b1b5de70b5814fa75922ade57c83fce1','{\"storage\": \"django.core.files.storage.FileSystemStorage\", \"name\": \"Z.png\", \"size\": [539, 224]}'),('sorl-thumbnail||image||a41594fdbb23e525938003391062f056','{\"storage\": \"django.core.files.storage.FileSystemStorage\", \"name\": \"cache/08/10/08105b7e2e78e7578b82a5a8db22fc6c.jpg\", \"size\": [155, 185]}'),('sorl-thumbnail||thumbnails||b1b5de70b5814fa75922ade57c83fce1','[\"a003ab619ef66e85293fa7aca51463d2\", \"a41594fdbb23e525938003391062f056\"]'),('sorl-thumbnail||image||d55e11f39f7ced0c3585e9122bf47139','{\"storage\": \"django.core.files.storage.FileSystemStorage\", \"name\": \"cache/1e/81/1e81a66ca1da4441e582dd0338c870f6.jpg\", \"size\": [95, 115]}'),('sorl-thumbnail||image||60ce30fb15ef462df1caf3d5c2684e79','{\"storage\": \"django.core.files.storage.FileSystemStorage\", \"name\": \"cache/69/9f/699ffadb339780b92c0b36cbd27b3897.jpg\", \"size\": [95, 115]}'),('sorl-thumbnail||image||d9e9600031881916a4b4f8789a7c2ab3','{\"storage\": \"django.core.files.storage.FileSystemStorage\", \"name\": \"0.jpeg\", \"size\": [720, 442]}'),('sorl-thumbnail||image||783c9f130321f9fe2db276a699270c03','{\"storage\": \"django.core.files.storage.FileSystemStorage\", \"name\": \"cache/f4/2b/f42bbb27f12afadcabcee08fba080299.jpg\", \"size\": [155, 185]}'),('sorl-thumbnail||thumbnails||d9e9600031881916a4b4f8789a7c2ab3','[\"783c9f130321f9fe2db276a699270c03\", \"e3870e3b0db418e76dac5065b9aa8342\"]'),('sorl-thumbnail||image||0e930b5ea8d7fd5f8b6374bc4eff1ccb','{\"storage\": \"django.core.files.storage.FileSystemStorage\", \"name\": \"1.jpeg\", \"size\": [477, 720]}'),('sorl-thumbnail||image||cafc869414701f2c93f1b7497a25b0ac','{\"storage\": \"django.core.files.storage.FileSystemStorage\", \"name\": \"cache/87/36/87368205fec9304039e66ad4ccaeb03c.jpg\", \"size\": [155, 185]}'),('sorl-thumbnail||thumbnails||0e930b5ea8d7fd5f8b6374bc4eff1ccb','[\"a005f3bdb25cccd60159103193b7c821\", \"cafc869414701f2c93f1b7497a25b0ac\"]'),('sorl-thumbnail||image||e3870e3b0db418e76dac5065b9aa8342','{\"storage\": \"django.core.files.storage.FileSystemStorage\", \"name\": \"cache/9a/4c/9a4c893a2ee513c0c5371036f877b28c.jpg\", \"size\": [95, 115]}'),('sorl-thumbnail||image||a003ab619ef66e85293fa7aca51463d2','{\"storage\": \"django.core.files.storage.FileSystemStorage\", \"name\": \"cache/be/2f/be2f9e8d7582340a336e90e16fec3a8c.jpg\", \"size\": [95, 115]}'),('sorl-thumbnail||image||5266af32ce61290f29f51f2bbaa6429a','{\"storage\": \"django.core.files.storage.FileSystemStorage\", \"name\": \"5.jpeg\", \"size\": [480, 270]}'),('sorl-thumbnail||image||55e053314680c992d9237af8abdb3bbb','{\"storage\": \"django.core.files.storage.FileSystemStorage\", \"name\": \"cache/b5/35/b535fec54654b554ec05150980717b0a.jpg\", \"size\": [155, 185]}'),('sorl-thumbnail||thumbnails||5266af32ce61290f29f51f2bbaa6429a','[\"7dfed39e60d27ed0560c5fb0546d226f\", \"55e053314680c992d9237af8abdb3bbb\"]'),('sorl-thumbnail||image||b61f98bf1553ba49f5d878734f99f6b7','{\"storage\": \"django.core.files.storage.FileSystemStorage\", \"name\": \"4.jpeg\", \"size\": [720, 360]}'),('sorl-thumbnail||image||ad76e7c5cdbbc28e71c304c811d6c036','{\"storage\": \"django.core.files.storage.FileSystemStorage\", \"name\": \"cache/ec/21/ec21491261e763a51e2a46f193fcbb84.jpg\", \"size\": [155, 185]}'),('sorl-thumbnail||thumbnails||b61f98bf1553ba49f5d878734f99f6b7','[\"ad76e7c5cdbbc28e71c304c811d6c036\", \"da99652f1759f435ebd7b0b377b9db7d\"]'),('sorl-thumbnail||image||dc41136e7ba813d635a5ae86d7e9abb9','{\"storage\": \"django.core.files.storage.FileSystemStorage\", \"name\": \"3.jpeg\", \"size\": [720, 539]}'),('sorl-thumbnail||image||c7a226b550b0a93baebed9f981fcb59f','{\"storage\": \"django.core.files.storage.FileSystemStorage\", \"name\": \"cache/b5/ac/b5ac30a6940508e3647d5406a40a1ef4.jpg\", \"size\": [155, 185]}'),('sorl-thumbnail||thumbnails||dc41136e7ba813d635a5ae86d7e9abb9','[\"887147cf4859b834b44baa5affe3b51a\", \"c7a226b550b0a93baebed9f981fcb59f\"]'),('sorl-thumbnail||image||3515bf74a9d21b1e2accf427bdbbdbc9','{\"storage\": \"django.core.files.storage.FileSystemStorage\", \"name\": \"2.png-large\", \"size\": [500, 281]}'),('sorl-thumbnail||image||f2330fee66b6204684064322e1d46411','{\"storage\": \"django.core.files.storage.FileSystemStorage\", \"name\": \"cache/04/ff/04ff77cbfdf4834f68266f4eb79117a2.jpg\", \"size\": [155, 185]}'),('sorl-thumbnail||thumbnails||3515bf74a9d21b1e2accf427bdbbdbc9','[\"32fb8333e2fe92fff83cd37064037417\", \"f2330fee66b6204684064322e1d46411\"]'),('sorl-thumbnail||image||da99652f1759f435ebd7b0b377b9db7d','{\"storage\": \"django.core.files.storage.FileSystemStorage\", \"name\": \"cache/56/0b/560b35b623006552f5c0445bba898e84.jpg\", \"size\": [95, 115]}'),('sorl-thumbnail||image||887147cf4859b834b44baa5affe3b51a','{\"storage\": \"django.core.files.storage.FileSystemStorage\", \"name\": \"cache/54/2e/542ee68a5e03c3dc40fd490fb9a3dae3.jpg\", \"size\": [95, 115]}'),('sorl-thumbnail||image||32fb8333e2fe92fff83cd37064037417','{\"storage\": \"django.core.files.storage.FileSystemStorage\", \"name\": \"cache/ec/a8/eca8c1683d895eb6b71f79d2b9184476.jpg\", \"size\": [95, 115]}'),('sorl-thumbnail||image||a005f3bdb25cccd60159103193b7c821','{\"storage\": \"django.core.files.storage.FileSystemStorage\", \"name\": \"cache/61/27/6127397999496e870ae56f29b0e42949.jpg\", \"size\": [95, 115]}'),('sorl-thumbnail||image||e89ff55d62083438f171b41213bec202','{\"storage\": \"django.core.files.storage.FileSystemStorage\", \"name\": \"6.jpeg\", \"size\": [598, 401]}'),('sorl-thumbnail||image||56fce16f8536ce6f4a9f9a4fcb7ba90b','{\"storage\": \"django.core.files.storage.FileSystemStorage\", \"name\": \"cache/d7/c2/d7c22077a96457f9679c023fcb9e0e4b.jpg\", \"size\": [155, 185]}'),('sorl-thumbnail||thumbnails||e89ff55d62083438f171b41213bec202','[\"56fce16f8536ce6f4a9f9a4fcb7ba90b\", \"0b960bedf9b1ebdfeeb48fbd959a4e5e\"]'),('sorl-thumbnail||image||7dfed39e60d27ed0560c5fb0546d226f','{\"storage\": \"django.core.files.storage.FileSystemStorage\", \"name\": \"cache/b4/a9/b4a9dd9d433d8b4e04630192d559d446.jpg\", \"size\": [95, 115]}'),('sorl-thumbnail||image||5fd18e9956b4ccb466f7f2c0e0eae2fa','{\"storage\": \"django.core.files.storage.FileSystemStorage\", \"name\": \"7.jpeg\", \"size\": [800, 900]}'),('sorl-thumbnail||image||8a921cefd99b549d85937abbd531ff5f','{\"storage\": \"django.core.files.storage.FileSystemStorage\", \"name\": \"cache/22/50/2250a7ee5cc08dea3b91cc38ce43b3f3.jpg\", \"size\": [155, 185]}'),('sorl-thumbnail||thumbnails||5fd18e9956b4ccb466f7f2c0e0eae2fa','[\"8a921cefd99b549d85937abbd531ff5f\", \"3c36a5155c327e9682e6ef87bf60fdb5\"]'),('sorl-thumbnail||image||0b960bedf9b1ebdfeeb48fbd959a4e5e','{\"storage\": \"django.core.files.storage.FileSystemStorage\", \"name\": \"cache/c1/d9/c1d989e38f7c8514fdd9de8c0c7bc49e.jpg\", \"size\": [95, 115]}'),('sorl-thumbnail||image||24ff1cbac86970df62de22ebba39db55','{\"storage\": \"django.core.files.storage.FileSystemStorage\", \"name\": \"8.jpeg\", \"size\": [960, 480]}'),('sorl-thumbnail||image||e674e15b3671bad551ddf678b20ccc1b','{\"storage\": \"django.core.files.storage.FileSystemStorage\", \"name\": \"cache/fa/b8/fab8537cba6e1a80fab154ead4d5a5a0.jpg\", \"size\": [155, 185]}'),('sorl-thumbnail||thumbnails||24ff1cbac86970df62de22ebba39db55','[\"e674e15b3671bad551ddf678b20ccc1b\", \"d9da005fc7f7c6863bd43230fe8df5d4\"]'),('sorl-thumbnail||image||3c36a5155c327e9682e6ef87bf60fdb5','{\"storage\": \"django.core.files.storage.FileSystemStorage\", \"name\": \"cache/59/0b/590b50af66e0cff65ad2f1df994f5e4b.jpg\", \"size\": [95, 115]}'),('sorl-thumbnail||image||ed4a970465cb33f98950f99aeaa3002b','{\"storage\": \"django.core.files.storage.FileSystemStorage\", \"name\": \"9.jpeg\", \"size\": [612, 612]}'),('sorl-thumbnail||image||ac9906cff7996fed8493e4b25a74885b','{\"storage\": \"django.core.files.storage.FileSystemStorage\", \"name\": \"cache/f3/e6/f3e604a07e868dae24d7fba1617af0eb.jpg\", \"size\": [155, 185]}'),('sorl-thumbnail||thumbnails||ed4a970465cb33f98950f99aeaa3002b','[\"ac9906cff7996fed8493e4b25a74885b\"]'),('sorl-thumbnail||image||d9da005fc7f7c6863bd43230fe8df5d4','{\"storage\": \"django.core.files.storage.FileSystemStorage\", \"name\": \"cache/1d/a1/1da1027acb6eb1e2a1ee205ef6e01a2c.jpg\", \"size\": [95, 115]}'),('sorl-thumbnail||image||b48f3f3940c7307e88f3f161034601bb','{\"storage\": \"django.core.files.storage.FileSystemStorage\", \"name\": \"9_1.jpeg\", \"size\": [612, 612]}'),('sorl-thumbnail||image||1d9350b74c775e584405329c3f775d34','{\"storage\": \"django.core.files.storage.FileSystemStorage\", \"name\": \"cache/39/74/39743e94cb62ae22a7e49903aec26e3c.jpg\", \"size\": [155, 185]}'),('sorl-thumbnail||thumbnails||b48f3f3940c7307e88f3f161034601bb','[\"1d9350b74c775e584405329c3f775d34\", \"25b7b3a90b38f2e98c6fa95024218f50\"]'),('sorl-thumbnail||image||91ec9735890017a76608197bdc8bf09e','{\"storage\": \"django.core.files.storage.FileSystemStorage\", \"name\": \"a.jpeg\", \"size\": [540, 720]}'),('sorl-thumbnail||image||590cb030f13b51e33651bcf535913cdb','{\"storage\": \"django.core.files.storage.FileSystemStorage\", \"name\": \"cache/f8/d3/f8d33a32c6295b472d646de8436ddbd9.jpg\", \"size\": [155, 185]}'),('sorl-thumbnail||thumbnails||91ec9735890017a76608197bdc8bf09e','[\"590cb030f13b51e33651bcf535913cdb\", \"33928423c138302f1ec0827771a1dbe1\"]'),('sorl-thumbnail||image||25b7b3a90b38f2e98c6fa95024218f50','{\"storage\": \"django.core.files.storage.FileSystemStorage\", \"name\": \"cache/96/15/9615ff54d626451a538c8d855aa78662.jpg\", \"size\": [95, 115]}'),('sorl-thumbnail||image||a4de94520a5e0055428a43c169088de7','{\"storage\": \"django.core.files.storage.FileSystemStorage\", \"name\": \"c.png\", \"size\": [532, 248]}'),('sorl-thumbnail||image||d41f7321a6ebe37f4f02c860800b7233','{\"storage\": \"django.core.files.storage.FileSystemStorage\", \"name\": \"cache/2a/b5/2ab5a91a71421699a09c16fa11d5f485.jpg\", \"size\": [155, 185]}'),('sorl-thumbnail||thumbnails||a4de94520a5e0055428a43c169088de7','[\"d41f7321a6ebe37f4f02c860800b7233\"]'),('sorl-thumbnail||image||e6a00e84bf8f4e392f220a4bde06c9ba','{\"storage\": \"django.core.files.storage.FileSystemStorage\", \"name\": \"b.png\", \"size\": [539, 218]}'),('sorl-thumbnail||image||672040b14afc5a725f420cfeeeab89c1','{\"storage\": \"django.core.files.storage.FileSystemStorage\", \"name\": \"cache/07/70/077081992c944fdf8f6eb38631fbe969.jpg\", \"size\": [155, 185]}'),('sorl-thumbnail||thumbnails||e6a00e84bf8f4e392f220a4bde06c9ba','[\"672040b14afc5a725f420cfeeeab89c1\"]'),('sorl-thumbnail||image||00488d95e64b6d671535ea5d156baab0','{\"storage\": \"django.core.files.storage.FileSystemStorage\", \"name\": \"d.png\", \"size\": [539, 218]}'),('sorl-thumbnail||image||68ab7ce5846fce020bc8b34f05e345d2','{\"storage\": \"django.core.files.storage.FileSystemStorage\", \"name\": \"cache/b8/7d/b87d9a98e96a93725b4ac4080288e9a9.jpg\", \"size\": [155, 185]}'),('sorl-thumbnail||thumbnails||00488d95e64b6d671535ea5d156baab0','[\"68ab7ce5846fce020bc8b34f05e345d2\"]'),('sorl-thumbnail||image||3b77a0bee7477b7ca4ffb2b9f16c7d10','{\"storage\": \"django.core.files.storage.FileSystemStorage\", \"name\": \"e.jpeg\", \"size\": [240, 270]}'),('sorl-thumbnail||image||4b874550f9beb145f6c9bd5c3fe1185e','{\"storage\": \"django.core.files.storage.FileSystemStorage\", \"name\": \"cache/fb/e4/fbe4abcfaaf278613e8cccaa2b8ca5d9.jpg\", \"size\": [155, 185]}'),('sorl-thumbnail||thumbnails||3b77a0bee7477b7ca4ffb2b9f16c7d10','[\"4b874550f9beb145f6c9bd5c3fe1185e\"]'),('sorl-thumbnail||image||af5231ab8435551c8542e69e94ad3b3e','{\"storage\": \"django.core.files.storage.FileSystemStorage\", \"name\": \"f.jpeg\", \"size\": [240, 270]}'),('sorl-thumbnail||image||466199a949fc6398bc4bdafba3e785f6','{\"storage\": \"django.core.files.storage.FileSystemStorage\", \"name\": \"cache/21/6d/216d72f1616e93a54daa947a1712b1a0.jpg\", \"size\": [155, 185]}'),('sorl-thumbnail||thumbnails||af5231ab8435551c8542e69e94ad3b3e','[\"466199a949fc6398bc4bdafba3e785f6\"]'),('sorl-thumbnail||image||33928423c138302f1ec0827771a1dbe1','{\"storage\": \"django.core.files.storage.FileSystemStorage\", \"name\": \"cache/db/be/dbbe5beca74bb5c67ea97f0afcf6e339.jpg\", \"size\": [95, 115]}'),('sorl-thumbnail||image||3aa41e0f2337cc34b065b62920e63c22','{\"storage\": \"django.core.files.storage.FileSystemStorage\", \"name\": \"g.png\", \"size\": [539, 218]}'),('sorl-thumbnail||image||40a0e3d48d9b68343c73f1b1273e0474','{\"storage\": \"django.core.files.storage.FileSystemStorage\", \"name\": \"cache/57/7e/577ede5fe2897e04caef73f68961bdaa.jpg\", \"size\": [155, 185]}'),('sorl-thumbnail||thumbnails||3aa41e0f2337cc34b065b62920e63c22','[\"40a0e3d48d9b68343c73f1b1273e0474\", \"f34560f60e6eec3d171ab4100361d38c\"]'),('sorl-thumbnail||image||15d9522a7d45c9489783a96ac0cfbc7d','{\"storage\": \"django.core.files.storage.FileSystemStorage\", \"name\": \"h.png\", \"size\": [532, 248]}'),('sorl-thumbnail||image||cd314847f65ce8637dc9dd696a872713','{\"storage\": \"django.core.files.storage.FileSystemStorage\", \"name\": \"cache/31/29/3129cc4c21bb0978ab0794a66af30c18.jpg\", \"size\": [155, 185]}'),('sorl-thumbnail||thumbnails||15d9522a7d45c9489783a96ac0cfbc7d','[\"cd314847f65ce8637dc9dd696a872713\", \"ec6dce02fc39c431f420fb57373c212e\"]'),('sorl-thumbnail||image||a0a7b64988cf378ff0a1c7677042b3ed','{\"storage\": \"django.core.files.storage.FileSystemStorage\", \"name\": \"i.jpeg\", \"size\": [600, 208]}'),('sorl-thumbnail||image||9c31d3dde53e50c8ad82619b1df50e21','{\"storage\": \"django.core.files.storage.FileSystemStorage\", \"name\": \"cache/f9/00/f900f92153f8c82084c992ad6599f871.jpg\", \"size\": [155, 185]}'),('sorl-thumbnail||thumbnails||a0a7b64988cf378ff0a1c7677042b3ed','[\"9c31d3dde53e50c8ad82619b1df50e21\", \"f2faade956717028d4785a926895f7b2\"]'),('sorl-thumbnail||image||ec6dce02fc39c431f420fb57373c212e','{\"storage\": \"django.core.files.storage.FileSystemStorage\", \"name\": \"cache/85/06/8506326109157451c442c60fbd969bb6.jpg\", \"size\": [95, 115]}'),('sorl-thumbnail||image||f34560f60e6eec3d171ab4100361d38c','{\"storage\": \"django.core.files.storage.FileSystemStorage\", \"name\": \"cache/27/98/2798cf611603668036d8276815bc2ad2.jpg\", \"size\": [95, 115]}'),('sorl-thumbnail||image||5f52172fe1909b85012e6db4df9d774b','{\"storage\": \"django.core.files.storage.FileSystemStorage\", \"name\": \"j.jpeg\", \"size\": [640, 380]}'),('sorl-thumbnail||image||9a971f5e16f8b331a8b153e4da11bfb8','{\"storage\": \"django.core.files.storage.FileSystemStorage\", \"name\": \"cache/4f/ec/4fec8d10c3ccf6f315b2e24fabc513bf.jpg\", \"size\": [155, 185]}'),('sorl-thumbnail||thumbnails||5f52172fe1909b85012e6db4df9d774b','[\"e399722d1133782621ca7d13579297b6\", \"9a971f5e16f8b331a8b153e4da11bfb8\"]'),('sorl-thumbnail||image||f2faade956717028d4785a926895f7b2','{\"storage\": \"django.core.files.storage.FileSystemStorage\", \"name\": \"cache/ae/a3/aea39659ea89b9a75f7593df447e1170.jpg\", \"size\": [95, 115]}'),('sorl-thumbnail||image||d249628a8690780f34adef1023bbe7cb','{\"storage\": \"django.core.files.storage.FileSystemStorage\", \"name\": \"k.jpeg\", \"size\": [400, 400]}'),('sorl-thumbnail||image||e3550bbae5d6d29b6a46af75bb0ce30b','{\"storage\": \"django.core.files.storage.FileSystemStorage\", \"name\": \"cache/62/2d/622d1e2d154765b3da9d9f8464801aa3.jpg\", \"size\": [155, 185]}'),('sorl-thumbnail||thumbnails||d249628a8690780f34adef1023bbe7cb','[\"e3550bbae5d6d29b6a46af75bb0ce30b\", \"683940e01f6bc44d77d65c69371dd3ec\"]'),('sorl-thumbnail||image||e399722d1133782621ca7d13579297b6','{\"storage\": \"django.core.files.storage.FileSystemStorage\", \"name\": \"cache/23/8a/238a3025bb0f889fccc393f9cf71dd09.jpg\", \"size\": [95, 115]}'),('sorl-thumbnail||image||c9cbc94709ba6f07733e4fb31e15ce1b','{\"storage\": \"django.core.files.storage.FileSystemStorage\", \"name\": \"l.jpeg\", \"size\": [720, 442]}'),('sorl-thumbnail||image||fa7da7601825dd7d5c2b6c01a987c51a','{\"storage\": \"django.core.files.storage.FileSystemStorage\", \"name\": \"cache/67/b1/67b1972918d17782eebb535afd0b3705.jpg\", \"size\": [155, 185]}'),('sorl-thumbnail||thumbnails||c9cbc94709ba6f07733e4fb31e15ce1b','[\"fa7da7601825dd7d5c2b6c01a987c51a\", \"2f514275fe9ed30b0387c1eb64bfa430\"]'),('sorl-thumbnail||image||683940e01f6bc44d77d65c69371dd3ec','{\"storage\": \"django.core.files.storage.FileSystemStorage\", \"name\": \"cache/d0/5c/d05c4a25792f4bded69b214855df33fc.jpg\", \"size\": [95, 115]}'),('sorl-thumbnail||image||a32d87228229573712c2dd69770fa431','{\"storage\": \"django.core.files.storage.FileSystemStorage\", \"name\": \"m.jpeg\", \"size\": [598, 427]}'),('sorl-thumbnail||image||41ee707e2ba2cfc3652bf8ba8643f40e','{\"storage\": \"django.core.files.storage.FileSystemStorage\", \"name\": \"cache/3d/0b/3d0b1de41385b3662d779ff76bc8d9c4.jpg\", \"size\": [155, 185]}'),('sorl-thumbnail||thumbnails||a32d87228229573712c2dd69770fa431','[\"d85693388c5c33bbfeff989400030a45\", \"41ee707e2ba2cfc3652bf8ba8643f40e\"]'),('sorl-thumbnail||image||2f514275fe9ed30b0387c1eb64bfa430','{\"storage\": \"django.core.files.storage.FileSystemStorage\", \"name\": \"cache/bc/60/bc60e7b5cf10b8a38b5dd76f0bc529e5.jpg\", \"size\": [95, 115]}'),('sorl-thumbnail||image||a3186b6bd3c4b7778b25b7361865d126','{\"storage\": \"django.core.files.storage.FileSystemStorage\", \"name\": \"n.jpeg\", \"size\": [2546, 1280]}'),('sorl-thumbnail||image||d507a86aed3ca329d61f7ad97d4f7104','{\"storage\": \"django.core.files.storage.FileSystemStorage\", \"name\": \"cache/ce/57/ce573df025f678317aa726750b6e0a5e.jpg\", \"size\": [155, 185]}'),('sorl-thumbnail||thumbnails||a3186b6bd3c4b7778b25b7361865d126','[\"d507a86aed3ca329d61f7ad97d4f7104\", \"5de56999b3d600e77aafaaab0188980e\"]'),('sorl-thumbnail||image||d85693388c5c33bbfeff989400030a45','{\"storage\": \"django.core.files.storage.FileSystemStorage\", \"name\": \"cache/53/0f/530f0311078693d5dc033f4b68afedb5.jpg\", \"size\": [95, 115]}'),('sorl-thumbnail||image||ea04d7fa8397d12fd8b782577b42ddf2','{\"storage\": \"django.core.files.storage.FileSystemStorage\", \"name\": \"o.png-large\", \"size\": [1024, 583]}'),('sorl-thumbnail||image||15ab2cdca13f34329fe42e87c151bef1','{\"storage\": \"django.core.files.storage.FileSystemStorage\", \"name\": \"cache/8e/ab/8eab1b25481a34047ff08fbe9da78c23.jpg\", \"size\": [155, 185]}'),('sorl-thumbnail||thumbnails||ea04d7fa8397d12fd8b782577b42ddf2','[\"f8fbffb36246f96678200fdbaeeb469c\", \"15ab2cdca13f34329fe42e87c151bef1\"]'),('sorl-thumbnail||image||5de56999b3d600e77aafaaab0188980e','{\"storage\": \"django.core.files.storage.FileSystemStorage\", \"name\": \"cache/e9/df/e9dfc7ac87c52f834d978af67bf4b355.jpg\", \"size\": [95, 115]}'),('sorl-thumbnail||image||2ed6543974c09ad1f6987922bcfcfa93','{\"storage\": \"django.core.files.storage.FileSystemStorage\", \"name\": \"p.jpg-large\", \"size\": [648, 484]}'),('sorl-thumbnail||image||b6392e54cab48912e89eb7e4d6a2dc70','{\"storage\": \"django.core.files.storage.FileSystemStorage\", \"name\": \"cache/b0/03/b003c8fd153770ef4b67c3bb9dcb1819.jpg\", \"size\": [155, 185]}'),('sorl-thumbnail||thumbnails||2ed6543974c09ad1f6987922bcfcfa93','[\"b6392e54cab48912e89eb7e4d6a2dc70\", \"c4297df0e6f9c822838af081aba08596\"]'),('sorl-thumbnail||image||f8fbffb36246f96678200fdbaeeb469c','{\"storage\": \"django.core.files.storage.FileSystemStorage\", \"name\": \"cache/0c/f2/0cf23a0016d58a22e49873203ad6a90d.jpg\", \"size\": [95, 115]}'),('sorl-thumbnail||image||868a02c6094dbe8121971bc4e75a871e','{\"storage\": \"django.core.files.storage.FileSystemStorage\", \"name\": \"q.jpeg\", \"size\": [896, 735]}'),('sorl-thumbnail||image||2b795d04f6ab9564db59a2fdf3955b94','{\"storage\": \"django.core.files.storage.FileSystemStorage\", \"name\": \"cache/61/35/61355834c802df5b6e9ea17b678bae19.jpg\", \"size\": [155, 185]}'),('sorl-thumbnail||thumbnails||868a02c6094dbe8121971bc4e75a871e','[\"2b795d04f6ab9564db59a2fdf3955b94\", \"21c9e3103162c9735adc05d72f627f3a\"]'),('sorl-thumbnail||image||c4297df0e6f9c822838af081aba08596','{\"storage\": \"django.core.files.storage.FileSystemStorage\", \"name\": \"cache/34/b0/34b079fff10a651b3bac390d09f3b177.jpg\", \"size\": [95, 115]}'),('sorl-thumbnail||image||15b8a8ead7a893c7d12b1fafb69078ae','{\"storage\": \"django.core.files.storage.FileSystemStorage\", \"name\": \"r.jpeg\", \"size\": [949, 573]}'),('sorl-thumbnail||image||9f4887781ad2ea76537bd048cb7aad52','{\"storage\": \"django.core.files.storage.FileSystemStorage\", \"name\": \"cache/66/d1/66d17c4609ad67df04dec7710b2acc2c.jpg\", \"size\": [155, 185]}'),('sorl-thumbnail||thumbnails||15b8a8ead7a893c7d12b1fafb69078ae','[\"a7ef47dd29b6b3bd24292f874745b664\", \"9f4887781ad2ea76537bd048cb7aad52\"]'),('sorl-thumbnail||image||21c9e3103162c9735adc05d72f627f3a','{\"storage\": \"django.core.files.storage.FileSystemStorage\", \"name\": \"cache/15/b9/15b9afa609920ac563bd978e59d811c3.jpg\", \"size\": [95, 115]}'),('sorl-thumbnail||image||524daba4b72143719767d88ac8d69b24','{\"storage\": \"django.core.files.storage.FileSystemStorage\", \"name\": \"s.jpeg\", \"size\": [396, 385]}'),('sorl-thumbnail||image||327d343e1dbcfd9a89dbde2459d2247a','{\"storage\": \"django.core.files.storage.FileSystemStorage\", \"name\": \"cache/25/a2/25a266520db49aa3745f43d21738ec13.jpg\", \"size\": [155, 185]}'),('sorl-thumbnail||thumbnails||524daba4b72143719767d88ac8d69b24','[\"327d343e1dbcfd9a89dbde2459d2247a\"]'),('sorl-thumbnail||image||a7ef47dd29b6b3bd24292f874745b664','{\"storage\": \"django.core.files.storage.FileSystemStorage\", \"name\": \"cache/a2/b6/a2b65e78a06756c4cbd6296c1698223e.jpg\", \"size\": [95, 115]}'),('sorl-thumbnail||image||eaa4b6cac9d4d03891a46573f5e129ac','{\"storage\": \"django.core.files.storage.FileSystemStorage\", \"name\": \"m_1.jpeg\", \"size\": [615, 615]}'),('sorl-thumbnail||image||8fc5b3048005e39b586e50db0af5aa5e','{\"storage\": \"django.core.files.storage.FileSystemStorage\", \"name\": \"cache/e7/d6/e7d606a5f931d8770cbc33e31940a7c1.jpg\", \"size\": [155, 185]}'),('sorl-thumbnail||thumbnails||eaa4b6cac9d4d03891a46573f5e129ac','[\"8fc5b3048005e39b586e50db0af5aa5e\", \"b4466bf4742812b00bba47d348789fcd\", \"b4fa2909a07dfd84891b841e3a0e0b52\"]'),('sorl-thumbnail||image||5c52e10dfc4f88b99ed12d24fb1e4a91','{\"storage\": \"django.core.files.storage.FileSystemStorage\", \"name\": \"n_1.jpeg\", \"size\": [615, 615]}'),('sorl-thumbnail||image||002190efe80b6fb1aa8a9b14d2a71137','{\"storage\": \"django.core.files.storage.FileSystemStorage\", \"name\": \"cache/b6/02/b6021b611934c3723550a708674c3f31.jpg\", \"size\": [155, 185]}'),('sorl-thumbnail||thumbnails||5c52e10dfc4f88b99ed12d24fb1e4a91','[\"cd80b7a5403003e2cd24a8dd80d01f78\", \"002190efe80b6fb1aa8a9b14d2a71137\"]'),('sorl-thumbnail||image||a4ebb660cf624ff325caae831ebe946b','{\"storage\": \"django.core.files.storage.FileSystemStorage\", \"name\": \"o_1.png-large\", \"size\": [1024, 583]}'),('sorl-thumbnail||image||712851b01594b77b5879503d1cfe634d','{\"storage\": \"django.core.files.storage.FileSystemStorage\", \"name\": \"cache/01/32/013259f9877e780b372c077fbf1d6dd2.jpg\", \"size\": [155, 185]}'),('sorl-thumbnail||thumbnails||a4ebb660cf624ff325caae831ebe946b','[\"712851b01594b77b5879503d1cfe634d\", \"4086d4ffb2b7e2bfea5e9aa694526731\", \"d8dd28c0cf4fb45050d2c7fd8c092f69\"]'),('sorl-thumbnail||image||9b4110a32bf941ceac0d4b6bdf5257ab','{\"storage\": \"django.core.files.storage.FileSystemStorage\", \"name\": \"p_1.jpg-large\", \"size\": [648, 484]}'),('sorl-thumbnail||image||208fba055f9033614440e6cd41981898','{\"storage\": \"django.core.files.storage.FileSystemStorage\", \"name\": \"cache/2b/62/2b62f09d875141caa637cdbf363a532d.jpg\", \"size\": [155, 185]}'),('sorl-thumbnail||thumbnails||9b4110a32bf941ceac0d4b6bdf5257ab','[\"bc62173891c3de1ec3adedfca7e9a304\", \"96e1bcb00bd0af6e1dbb43dd6026f1af\", \"208fba055f9033614440e6cd41981898\"]'),('sorl-thumbnail||image||e20fb158e9c78cdd29539a555b0a1f11','{\"storage\": \"django.core.files.storage.FileSystemStorage\", \"name\": \"q_1.jpeg\", \"size\": [1072, 827]}'),('sorl-thumbnail||image||89321e0b0750a85bee04d7018d77d0e9','{\"storage\": \"django.core.files.storage.FileSystemStorage\", \"name\": \"cache/73/bc/73bc97afabec8decaadda21d4a125c60.jpg\", \"size\": [155, 185]}'),('sorl-thumbnail||thumbnails||e20fb158e9c78cdd29539a555b0a1f11','[\"9eab326df25ceace5d60543461330e7d\", \"89321e0b0750a85bee04d7018d77d0e9\", \"b65095da33e9cbb04f1edf1eb74324f1\"]'),('sorl-thumbnail||image||91216477577d734821850691df2429db','{\"storage\": \"django.core.files.storage.FileSystemStorage\", \"name\": \"r_1.jpeg\", \"size\": [949, 573]}'),('sorl-thumbnail||image||0bcdf462f2f7f631f5f0f70ca0eaf7d3','{\"storage\": \"django.core.files.storage.FileSystemStorage\", \"name\": \"cache/ee/97/ee979be5e79b37ec2de021b672e73546.jpg\", \"size\": [155, 185]}'),('sorl-thumbnail||thumbnails||91216477577d734821850691df2429db','[\"0bcdf462f2f7f631f5f0f70ca0eaf7d3\", \"ef8d1f691c0ff84be742c7befd231304\", \"f50b444c012967adb1a44cbb4532634c\"]'),('sorl-thumbnail||image||275167d9d5778623aa4cc63ddf26dc3b','{\"storage\": \"django.core.files.storage.FileSystemStorage\", \"name\": \"H_1.jpeg\", \"size\": [478, 89]}'),('sorl-thumbnail||image||1b8df56933417fa6eb134b2e4005181d','{\"storage\": \"django.core.files.storage.FileSystemStorage\", \"name\": \"cache/f3/64/f36405729289606a330bbca7884db3c0.jpg\", \"size\": [155, 185]}'),('sorl-thumbnail||thumbnails||275167d9d5778623aa4cc63ddf26dc3b','[\"1b8df56933417fa6eb134b2e4005181d\", \"cc526a4d8480556bcab17056be537cf1\", \"d50e3c08dea2ff0c2541b2f3e27ace35\"]'),('sorl-thumbnail||image||26ab2c6b242abdee4f3760d42a5d5431','{\"storage\": \"django.core.files.storage.FileSystemStorage\", \"name\": \"I_1.png\", \"size\": [1024, 768]}'),('sorl-thumbnail||image||74fb9f3d79b0bf6e9955c12ace326b71','{\"storage\": \"django.core.files.storage.FileSystemStorage\", \"name\": \"cache/55/2a/552a89d5b4f34304752d579ac7249248.jpg\", \"size\": [155, 185]}'),('sorl-thumbnail||thumbnails||26ab2c6b242abdee4f3760d42a5d5431','[\"74fb9f3d79b0bf6e9955c12ace326b71\", \"994602b4fa271f56213441267d32f192\", \"0605687060a55450b2ba0f3c641ff26a\"]'),('sorl-thumbnail||image||ada3d78e4662c151b885800efedfed03','{\"storage\": \"django.core.files.storage.FileSystemStorage\", \"name\": \"J_1.jpeg\", \"size\": [733, 644]}'),('sorl-thumbnail||image||e3e8152d0e734d0e07e4b5d4b5fd64d8','{\"storage\": \"django.core.files.storage.FileSystemStorage\", \"name\": \"cache/24/21/2421eb431f0c9156b71d7818a719593e.jpg\", \"size\": [155, 185]}'),('sorl-thumbnail||thumbnails||ada3d78e4662c151b885800efedfed03','[\"6ae45fbd54476fafc17ce6f44deb09a8\", \"e3e8152d0e734d0e07e4b5d4b5fd64d8\", \"47d48c4bbe93cb6e65f196727876efe9\"]'),('sorl-thumbnail||image||d3f6a614d559134b2d790d0ccd9a7c1e','{\"storage\": \"django.core.files.storage.FileSystemStorage\", \"name\": \"K_1.png\", \"size\": [513, 116]}'),('sorl-thumbnail||image||1f091bc8dd54807877b1f802f87aaa88','{\"storage\": \"django.core.files.storage.FileSystemStorage\", \"name\": \"cache/e5/a0/e5a0c12048f9f5b1a0fc5997f767041b.jpg\", \"size\": [155, 185]}'),('sorl-thumbnail||thumbnails||d3f6a614d559134b2d790d0ccd9a7c1e','[\"76f2c9b29d8c6d695608f53aa199af5f\", \"a9b053ef856443a3df40cdc0d9a14c16\", \"1f091bc8dd54807877b1f802f87aaa88\"]'),('sorl-thumbnail||image||2f2f0ae01c8fd4d5c820a99e8859d156','{\"storage\": \"django.core.files.storage.FileSystemStorage\", \"name\": \"L_1.jpeg\", \"size\": [477, 720]}'),('sorl-thumbnail||image||cfa2f99a2276662d373541dbb468a15a','{\"storage\": \"django.core.files.storage.FileSystemStorage\", \"name\": \"cache/56/8f/568f24b3cacf72615c70402a5249bbf5.jpg\", \"size\": [155, 185]}'),('sorl-thumbnail||thumbnails||2f2f0ae01c8fd4d5c820a99e8859d156','[\"d8d66241a443ac79fb668d5633b90118\", \"7f1b48438beca5b2cca6f7de0814ef1a\", \"cfa2f99a2276662d373541dbb468a15a\"]'),('sorl-thumbnail||image||5f58ff7674694ccea3d5eafc2785f6b6','{\"storage\": \"django.core.files.storage.FileSystemStorage\", \"name\": \"O_1.jpeg\", \"size\": [960, 556]}'),('sorl-thumbnail||image||93415c5e3f70faf6ea71c5ba46ef9444','{\"storage\": \"django.core.files.storage.FileSystemStorage\", \"name\": \"cache/f8/8e/f88ea1049b7d36356d83a9636e330347.jpg\", \"size\": [155, 185]}'),('sorl-thumbnail||thumbnails||5f58ff7674694ccea3d5eafc2785f6b6','[\"2d6aed7c7d925590af24fc0bbb8f2fa6\", \"93415c5e3f70faf6ea71c5ba46ef9444\", \"42085d16f0547e5b7af70e3cbd3ff80c\"]'),('sorl-thumbnail||image||44e3586e86ca3064d3e2c1ccb66a005c','{\"storage\": \"django.core.files.storage.FileSystemStorage\", \"name\": \"P_1.jpeg\", \"size\": [1280, 660]}'),('sorl-thumbnail||image||a90d4d0ed6ce8ad40f3cd5da3ab458c7','{\"storage\": \"django.core.files.storage.FileSystemStorage\", \"name\": \"cache/0b/ca/0bca6b8668218928cc0cf2450ec94e08.jpg\", \"size\": [155, 185]}'),('sorl-thumbnail||thumbnails||44e3586e86ca3064d3e2c1ccb66a005c','[\"2ca614428df7315de04c710707251271\", \"1869eecfce9947f56b7f8f08fceaacb1\", \"a90d4d0ed6ce8ad40f3cd5da3ab458c7\"]'),('sorl-thumbnail||image||ff83ee1caff3f1ed8bd54dc4978276e0','{\"storage\": \"django.core.files.storage.FileSystemStorage\", \"name\": \"Q_1.jpeg\", \"size\": [1072, 827]}'),('sorl-thumbnail||image||b2a90b2b4e080efda0fca4838777d13b','{\"storage\": \"django.core.files.storage.FileSystemStorage\", \"name\": \"cache/b7/92/b79239e17d8e8e0394ab51a3500d80b7.jpg\", \"size\": [155, 185]}'),('sorl-thumbnail||thumbnails||ff83ee1caff3f1ed8bd54dc4978276e0','[\"7690e771f2e3e2b454dbbf26337d5119\", \"b2a90b2b4e080efda0fca4838777d13b\", \"dd5f38a9245b940958822266dc26e058\"]'),('sorl-thumbnail||image||f270b70645b88b71c2d8299a564521e5','{\"storage\": \"django.core.files.storage.FileSystemStorage\", \"name\": \"R_1.jpg\", \"size\": [598, 345]}'),('sorl-thumbnail||image||97bcfd7a09c84c7a02aa8f70df313f94','{\"storage\": \"django.core.files.storage.FileSystemStorage\", \"name\": \"cache/01/2e/012e2e144f68ec821cb749dc7c2b5c81.jpg\", \"size\": [155, 185]}'),('sorl-thumbnail||thumbnails||f270b70645b88b71c2d8299a564521e5','[\"97bcfd7a09c84c7a02aa8f70df313f94\", \"b6eb05df4efa7352df5a33ca7c2af1b6\", \"0711cb2bcf122d9feacd56f2262a0957\"]'),('sorl-thumbnail||image||30a0219c92ae102311f9a64b0c20b4c4','{\"storage\": \"django.core.files.storage.FileSystemStorage\", \"name\": \"S_1.jpg\", \"size\": [578, 375]}'),('sorl-thumbnail||image||a7b354888b258b405c8dc0db95576411','{\"storage\": \"django.core.files.storage.FileSystemStorage\", \"name\": \"cache/da/50/da50aa45587dbaaf806571f702a1c6cc.jpg\", \"size\": [155, 185]}'),('sorl-thumbnail||thumbnails||30a0219c92ae102311f9a64b0c20b4c4','[\"a7b354888b258b405c8dc0db95576411\", \"5e6f23b0bf9f75a6ce9ed09c96088061\", \"6f54f7a2c679e92a85d9b7ecf70f38f6\"]'),('sorl-thumbnail||image||3abe5809a71956d7e4a19daa9d418789','{\"storage\": \"django.core.files.storage.FileSystemStorage\", \"name\": \"T_1.png\", \"size\": [541, 219]}'),('sorl-thumbnail||image||f7e44d74bb088ce1fdf51cb0c00c389c','{\"storage\": \"django.core.files.storage.FileSystemStorage\", \"name\": \"cache/17/61/17613ee9add16bee8e6c8f15162fc666.jpg\", \"size\": [155, 185]}'),('sorl-thumbnail||thumbnails||3abe5809a71956d7e4a19daa9d418789','[\"f7e44d74bb088ce1fdf51cb0c00c389c\", \"ca385f88d992c60868209cf71570173d\", \"abe74aeb3c576de124ad93e4f16cf466\"]'),('sorl-thumbnail||image||f0b80114f53a87176b37cd06582eefa8','{\"storage\": \"django.core.files.storage.FileSystemStorage\", \"name\": \"U_1.jpg-large\", \"size\": [630, 536]}'),('sorl-thumbnail||image||e0b2e4f070f3a311bbf6107ac7fb0a24','{\"storage\": \"django.core.files.storage.FileSystemStorage\", \"name\": \"cache/20/30/20301e91dee42e070351dc9d198ac294.jpg\", \"size\": [155, 185]}'),('sorl-thumbnail||thumbnails||f0b80114f53a87176b37cd06582eefa8','[\"2de87a7833bfce75d1ce23e4bbf0569d\", \"e0b2e4f070f3a311bbf6107ac7fb0a24\", \"056289736452cbde039c5ba8235cda1b\"]'),('sorl-thumbnail||image||e7c8351f97813dea133ce652bec989ad','{\"storage\": \"django.core.files.storage.FileSystemStorage\", \"name\": \"V_1.jpeg\", \"size\": [589, 504]}'),('sorl-thumbnail||image||f2ae00b3c714867bdcbf207ca771d9ce','{\"storage\": \"django.core.files.storage.FileSystemStorage\", \"name\": \"cache/1b/da/1bda247318d580f08e998ed4a58e21df.jpg\", \"size\": [155, 185]}'),('sorl-thumbnail||thumbnails||e7c8351f97813dea133ce652bec989ad','[\"8f3453f06570206a37bc169f96aba950\", \"f2ae00b3c714867bdcbf207ca771d9ce\", \"0a9243a4fb01e761fb324cd3c96e7953\"]'),('sorl-thumbnail||image||853e03c2ff357e930514b0913d4f5e0e','{\"storage\": \"django.core.files.storage.FileSystemStorage\", \"name\": \"W_1.jpeg\", \"size\": [700, 525]}'),('sorl-thumbnail||image||79e05cc6aecd9422a7ef76070149cc85','{\"storage\": \"django.core.files.storage.FileSystemStorage\", \"name\": \"cache/e3/bd/e3bd307dfff0df07d371e594956349ad.jpg\", \"size\": [155, 185]}'),('sorl-thumbnail||thumbnails||853e03c2ff357e930514b0913d4f5e0e','[\"79e05cc6aecd9422a7ef76070149cc85\", \"6586a51e29921c37969b922950c33b4f\", \"f6ca900ef1edebea20773b06f853ab6c\"]'),('sorl-thumbnail||image||7afc60dd6e6484626da4f55d10d2b154','{\"storage\": \"django.core.files.storage.FileSystemStorage\", \"name\": \"X_1.jpg-large\", \"size\": [960, 720]}'),('sorl-thumbnail||image||e17c48eaa91e7c617988546602dc2b64','{\"storage\": \"django.core.files.storage.FileSystemStorage\", \"name\": \"cache/17/ee/17ee949c9b1124f99dfa2bc1d9045b08.jpg\", \"size\": [155, 185]}'),('sorl-thumbnail||thumbnails||7afc60dd6e6484626da4f55d10d2b154','[\"d0b75cc1d7784e5a7febe5517a9192d2\", \"10f327c95ad112d73e4d45a46e16c9d0\", \"e17c48eaa91e7c617988546602dc2b64\"]'),('sorl-thumbnail||image||ab85cf241ae7fbaa9e4c347e072bc323','{\"storage\": \"django.core.files.storage.FileSystemStorage\", \"name\": \"Y_1.png\", \"size\": [552, 350]}'),('sorl-thumbnail||image||43748511adfc743f57f157849829528b','{\"storage\": \"django.core.files.storage.FileSystemStorage\", \"name\": \"cache/9a/1a/9a1af679e68e3f3ed051be06ccc5b1a8.jpg\", \"size\": [155, 185]}'),('sorl-thumbnail||thumbnails||ab85cf241ae7fbaa9e4c347e072bc323','[\"61fb19b397ea5907bd0b76a54fcd774f\", \"43748511adfc743f57f157849829528b\", \"2c4913ad7e3859a79ab6d2dd5b13ad09\"]'),('sorl-thumbnail||image||b8beee860f3f35272164221eed8216c5','{\"storage\": \"django.core.files.storage.FileSystemStorage\", \"name\": \"Z_1.png\", \"size\": [539, 224]}'),('sorl-thumbnail||image||3f5f3ec020d1993758b28028584ff1af','{\"storage\": \"django.core.files.storage.FileSystemStorage\", \"name\": \"cache/59/73/5973a2e38094a3af28b5a37d414efa35.jpg\", \"size\": [155, 185]}'),('sorl-thumbnail||thumbnails||b8beee860f3f35272164221eed8216c5','[\"3d8c3ee8bbf5de16db80aa511de963fb\", \"6ca50cab655adcecf8f611141952879c\", \"3f5f3ec020d1993758b28028584ff1af\"]'),('sorl-thumbnail||image||c2e19abe3e9ac0c084a1efca9ef8268d','{\"storage\": \"django.core.files.storage.FileSystemStorage\", \"name\": \"0_1.jpeg\", \"size\": [720, 442]}'),('sorl-thumbnail||image||1083110d763ea64eecd68d34c5aeebc5','{\"storage\": \"django.core.files.storage.FileSystemStorage\", \"name\": \"cache/d5/d4/d5d4a25b6d197dd071bdad81d71758c7.jpg\", \"size\": [155, 185]}'),('sorl-thumbnail||thumbnails||c2e19abe3e9ac0c084a1efca9ef8268d','[\"4c97036ec020b728c827e3876b3b23c7\", \"1083110d763ea64eecd68d34c5aeebc5\", \"221af96cfc821209fd2416335900963b\"]'),('sorl-thumbnail||image||055a6120097bf03070b0ba9b6b9d40bd','{\"storage\": \"django.core.files.storage.FileSystemStorage\", \"name\": \"1_1.jpeg\", \"size\": [477, 720]}'),('sorl-thumbnail||image||967c8dbc7890b0aceb3ce3a1781a884a','{\"storage\": \"django.core.files.storage.FileSystemStorage\", \"name\": \"cache/50/81/508166e049c745c962c5642a80ab9843.jpg\", \"size\": [155, 185]}'),('sorl-thumbnail||thumbnails||055a6120097bf03070b0ba9b6b9d40bd','[\"b6eb708ee135a10ae0a68d5ba7e65be2\", \"94a8a80eebcf23a4448c1c02f4fbd0fd\", \"967c8dbc7890b0aceb3ce3a1781a884a\"]'),('sorl-thumbnail||image||37b6e93c7043dfb377376bef2050ae20','{\"storage\": \"django.core.files.storage.FileSystemStorage\", \"name\": \"2_1.png-large\", \"size\": [500, 281]}'),('sorl-thumbnail||image||9cab67a28388c42aaeece5684dccfcb4','{\"storage\": \"django.core.files.storage.FileSystemStorage\", \"name\": \"cache/3e/91/3e9142bc38f87cd0b01023b5469a661d.jpg\", \"size\": [155, 185]}'),('sorl-thumbnail||thumbnails||37b6e93c7043dfb377376bef2050ae20','[\"9cab67a28388c42aaeece5684dccfcb4\", \"cdf96c32863d30b4159fd281eeccbac7\", \"f3c8304dcec0ced0de0cd1d0de1df8d0\"]'),('sorl-thumbnail||image||6ac5d60ce547b21b7e7d10184148a16b','{\"storage\": \"django.core.files.storage.FileSystemStorage\", \"name\": \"3_1.jpeg\", \"size\": [720, 539]}'),('sorl-thumbnail||image||1d007f7082b897d4d08b5955d1498b87','{\"storage\": \"django.core.files.storage.FileSystemStorage\", \"name\": \"cache/9c/ce/9cce91089e8a7b10d7b48dbb921a3374.jpg\", \"size\": [155, 185]}'),('sorl-thumbnail||thumbnails||6ac5d60ce547b21b7e7d10184148a16b','[\"1d007f7082b897d4d08b5955d1498b87\", \"9d288dec916b00f0a26cf9193c7bce21\", \"cab2a6aeeea271f4dbc31fa3cf167700\"]'),('sorl-thumbnail||image||0094329a336bb56fd328481e599be663','{\"storage\": \"django.core.files.storage.FileSystemStorage\", \"name\": \"g_1.png\", \"size\": [539, 218]}'),('sorl-thumbnail||image||f5d51414dd8347706be3d0f29c018978','{\"storage\": \"django.core.files.storage.FileSystemStorage\", \"name\": \"cache/fc/2a/fc2a8519a86a2c7b188a66d16027845f.jpg\", \"size\": [155, 185]}'),('sorl-thumbnail||thumbnails||0094329a336bb56fd328481e599be663','[\"276da3c94e9503eb60095bd6ebbda7ab\", \"5637b6501fe1062bec0496098816c5e0\", \"f5d51414dd8347706be3d0f29c018978\"]'),('sorl-thumbnail||image||3e0dddea2579f72c19a8b44dada80c66','{\"storage\": \"django.core.files.storage.FileSystemStorage\", \"name\": \"t.jpeg\", \"size\": [720, 442]}'),('sorl-thumbnail||image||cb7a070766ffaa8dc304509c7b3c9fb5','{\"storage\": \"django.core.files.storage.FileSystemStorage\", \"name\": \"cache/c7/fb/c7fb3407f95f2ed23c92bc293525763b.jpg\", \"size\": [155, 185]}'),('sorl-thumbnail||thumbnails||3e0dddea2579f72c19a8b44dada80c66','[\"cb7a070766ffaa8dc304509c7b3c9fb5\"]'),('sorl-thumbnail||image||994602b4fa271f56213441267d32f192','{\"storage\": \"django.core.files.storage.FileSystemStorage\", \"name\": \"cache/a8/dd/a8dd8b485d498306674eeb8dfeed2d6b.jpg\", \"size\": [95, 115]}'),('sorl-thumbnail||image||6ae45fbd54476fafc17ce6f44deb09a8','{\"storage\": \"django.core.files.storage.FileSystemStorage\", \"name\": \"cache/08/46/08466066b7e06ffddbab8ad3e56822ee.jpg\", \"size\": [95, 115]}'),('sorl-thumbnail||image||a9b053ef856443a3df40cdc0d9a14c16','{\"storage\": \"django.core.files.storage.FileSystemStorage\", \"name\": \"cache/fc/14/fc14f2e52e8f14ab33516eb4a37a9b22.jpg\", \"size\": [95, 115]}'),('sorl-thumbnail||image||7f1b48438beca5b2cca6f7de0814ef1a','{\"storage\": \"django.core.files.storage.FileSystemStorage\", \"name\": \"cache/5a/0c/5a0cff2226f31287a05df146b8c3b357.jpg\", \"size\": [95, 115]}'),('sorl-thumbnail||image||2d6aed7c7d925590af24fc0bbb8f2fa6','{\"storage\": \"django.core.files.storage.FileSystemStorage\", \"name\": \"cache/44/2d/442d771d7e2392402eec9760f7ae8026.jpg\", \"size\": [95, 115]}'),('sorl-thumbnail||image||2ca614428df7315de04c710707251271','{\"storage\": \"django.core.files.storage.FileSystemStorage\", \"name\": \"cache/75/6e/756ed168cee4925e20066ebe6ea18c11.jpg\", \"size\": [95, 115]}'),('sorl-thumbnail||image||7690e771f2e3e2b454dbbf26337d5119','{\"storage\": \"django.core.files.storage.FileSystemStorage\", \"name\": \"cache/9c/ae/9caecbe406b7d3cc57b595121eb0c3e1.jpg\", \"size\": [95, 115]}'),('sorl-thumbnail||image||0711cb2bcf122d9feacd56f2262a0957','{\"storage\": \"django.core.files.storage.FileSystemStorage\", \"name\": \"cache/4c/62/4c620741ac627327c5773d6bd5f03ba5.jpg\", \"size\": [95, 115]}'),('sorl-thumbnail||image||b4fa2909a07dfd84891b841e3a0e0b52','{\"storage\": \"django.core.files.storage.FileSystemStorage\", \"name\": \"cache/d1/38/d138e23b6891af53336b80c9605d66f6.jpg\", \"size\": [95, 115]}'),('sorl-thumbnail||image||cd80b7a5403003e2cd24a8dd80d01f78','{\"storage\": \"django.core.files.storage.FileSystemStorage\", \"name\": \"cache/49/6b/496bd7368c216cb3ec271d3eac6b75b6.jpg\", \"size\": [95, 115]}'),('sorl-thumbnail||image||4086d4ffb2b7e2bfea5e9aa694526731','{\"storage\": \"django.core.files.storage.FileSystemStorage\", \"name\": \"cache/4a/57/4a5775b77476c0d3d010cb1d923eb99d.jpg\", \"size\": [95, 115]}'),('sorl-thumbnail||image||bc62173891c3de1ec3adedfca7e9a304','{\"storage\": \"django.core.files.storage.FileSystemStorage\", \"name\": \"cache/c5/32/c5324d6f29f9920e44db5b7afa568e7d.jpg\", \"size\": [95, 115]}'),('sorl-thumbnail||image||b65095da33e9cbb04f1edf1eb74324f1','{\"storage\": \"django.core.files.storage.FileSystemStorage\", \"name\": \"cache/1d/1d/1d1d29a48dab54936eaded6ee5df7c08.jpg\", \"size\": [95, 115]}'),('sorl-thumbnail||image||ef8d1f691c0ff84be742c7befd231304','{\"storage\": \"django.core.files.storage.FileSystemStorage\", \"name\": \"cache/61/cf/61cf0deaa0c7946138cfda77d2c8854a.jpg\", \"size\": [95, 115]}'),('sorl-thumbnail||image||5e6f23b0bf9f75a6ce9ed09c96088061','{\"storage\": \"django.core.files.storage.FileSystemStorage\", \"name\": \"cache/c3/75/c375b44d5c4d3d7309a249e852df1835.jpg\", \"size\": [95, 115]}'),('sorl-thumbnail||image||3d8c3ee8bbf5de16db80aa511de963fb','{\"storage\": \"django.core.files.storage.FileSystemStorage\", \"name\": \"cache/ed/e9/ede98c13020d6d95e4f860ea57f10361.jpg\", \"size\": [95, 115]}'),('sorl-thumbnail||image||221af96cfc821209fd2416335900963b','{\"storage\": \"django.core.files.storage.FileSystemStorage\", \"name\": \"cache/92/d7/92d7960f4079cd7698b55cbb5c9ccfad.jpg\", \"size\": [95, 115]}'),('sorl-thumbnail||image||94a8a80eebcf23a4448c1c02f4fbd0fd','{\"storage\": \"django.core.files.storage.FileSystemStorage\", \"name\": \"cache/cd/48/cd482228a2ac4b14de30b685adfe9c77.jpg\", \"size\": [95, 115]}'),('sorl-thumbnail||image||f3c8304dcec0ced0de0cd1d0de1df8d0','{\"storage\": \"django.core.files.storage.FileSystemStorage\", \"name\": \"cache/a1/32/a1324a6fd02888cb202d378bd9aa85f9.jpg\", \"size\": [95, 115]}'),('sorl-thumbnail||image||9d288dec916b00f0a26cf9193c7bce21','{\"storage\": \"django.core.files.storage.FileSystemStorage\", \"name\": \"cache/32/f6/32f6090cb8366112d7ba94d6a6420556.jpg\", \"size\": [95, 115]}'),('sorl-thumbnail||image||276da3c94e9503eb60095bd6ebbda7ab','{\"storage\": \"django.core.files.storage.FileSystemStorage\", \"name\": \"cache/a3/9e/a39efeec9014dd4245ce5145b7024dbb.jpg\", \"size\": [95, 115]}'),('sorl-thumbnail||image||ca385f88d992c60868209cf71570173d','{\"storage\": \"django.core.files.storage.FileSystemStorage\", \"name\": \"cache/72/f2/72f2db4456daeff28ea1b8ad824153d3.jpg\", \"size\": [95, 115]}'),('sorl-thumbnail||image||056289736452cbde039c5ba8235cda1b','{\"storage\": \"django.core.files.storage.FileSystemStorage\", \"name\": \"cache/bf/ea/bfea8ad752e0df063a523f95a818b501.jpg\", \"size\": [95, 115]}'),('sorl-thumbnail||image||8f3453f06570206a37bc169f96aba950','{\"storage\": \"django.core.files.storage.FileSystemStorage\", \"name\": \"cache/30/58/3058d52aa465ae49d7c2354a380bca2e.jpg\", \"size\": [95, 115]}'),('sorl-thumbnail||image||f6ca900ef1edebea20773b06f853ab6c','{\"storage\": \"django.core.files.storage.FileSystemStorage\", \"name\": \"cache/9e/6f/9e6faea8d948f72aeddd26c141c44298.jpg\", \"size\": [95, 115]}'),('sorl-thumbnail||image||10f327c95ad112d73e4d45a46e16c9d0','{\"storage\": \"django.core.files.storage.FileSystemStorage\", \"name\": \"cache/42/f0/42f085a785a9d8aac216b1979c8fd534.jpg\", \"size\": [95, 115]}'),('sorl-thumbnail||image||61fb19b397ea5907bd0b76a54fcd774f','{\"storage\": \"django.core.files.storage.FileSystemStorage\", \"name\": \"cache/79/ee/79ee2ec6c8cd1adce8d73f20343024a2.jpg\", \"size\": [95, 115]}'),('sorl-thumbnail||image||85ad7bbc77b4f70be49f6410d806540c','{\"storage\": \"django.core.files.storage.FileSystemStorage\", \"name\": \"u.jpeg\", \"size\": [1200, 1182]}'),('sorl-thumbnail||image||d97dc45b89a73048856f59595b4e3d9b','{\"storage\": \"django.core.files.storage.FileSystemStorage\", \"name\": \"cache/3d/8a/3d8a680cc9020c26531a3979f7ebb802.jpg\", \"size\": [155, 185]}'),('sorl-thumbnail||thumbnails||85ad7bbc77b4f70be49f6410d806540c','[\"d97dc45b89a73048856f59595b4e3d9b\"]'),('sorl-thumbnail||image||cc526a4d8480556bcab17056be537cf1','{\"storage\": \"django.core.files.storage.FileSystemStorage\", \"name\": \"cache/78/62/78623016f2925390ca87c07a9ad9d0bf.jpg\", \"size\": [95, 115]}'),('sorl-thumbnail||image||09195544d775092063eb00aad8ac6bcd','{\"storage\": \"django.core.files.storage.FileSystemStorage\", \"name\": \"w.jpeg\", \"size\": [534, 720]}'),('sorl-thumbnail||image||7686b0004fd0d185c564729d34bb21b1','{\"storage\": \"django.core.files.storage.FileSystemStorage\", \"name\": \"cache/42/a0/42a0a006a60b58f7802e1f8c1ca6a2d5.jpg\", \"size\": [155, 185]}'),('sorl-thumbnail||thumbnails||09195544d775092063eb00aad8ac6bcd','[\"7686b0004fd0d185c564729d34bb21b1\", \"ae8bb64fcb923eac4fd5a7f881caaf72\", \"cda25f74f9f68b0cfc47a9ffb6a681d0\"]'),('sorl-thumbnail||image||6442c65823094550c8d8fd86f499d9e3','{\"storage\": \"django.core.files.storage.FileSystemStorage\", \"name\": \"x.jpeg\", \"size\": [1231, 1092]}'),('sorl-thumbnail||image||81755b0cd4177a9d6a2b5fde829bc43c','{\"storage\": \"django.core.files.storage.FileSystemStorage\", \"name\": \"cache/e0/17/e01723086f3a0515ed6d7f2280988a83.jpg\", \"size\": [155, 185]}'),('sorl-thumbnail||thumbnails||6442c65823094550c8d8fd86f499d9e3','[\"81755b0cd4177a9d6a2b5fde829bc43c\", \"f5ee2d2a339e002e624b7520565a9b36\", \"9381c0570067a4e65df9aa74ce3447e2\"]'),('sorl-thumbnail||image||cda25f74f9f68b0cfc47a9ffb6a681d0','{\"storage\": \"django.core.files.storage.FileSystemStorage\", \"name\": \"cache/9b/01/9b014666616c77f35b127833687e27dd.jpg\", \"size\": [95, 115]}'),('sorl-thumbnail||image||aa85f2842845333f7158a5bb3caf72d0','{\"storage\": \"django.core.files.storage.FileSystemStorage\", \"name\": \"z.jpeg\", \"size\": [445, 200]}'),('sorl-thumbnail||image||b97cd389c149f4cf9641763eb1b7d4a2','{\"storage\": \"django.core.files.storage.FileSystemStorage\", \"name\": \"cache/ec/8d/ec8d8d953b6118c37ee89475e5f6ff46.jpg\", \"size\": [155, 185]}'),('sorl-thumbnail||thumbnails||aa85f2842845333f7158a5bb3caf72d0','[\"31a9f6898760580a884d4d2495c89f52\", \"3cda3d8c9a260f2170cc7ab88f90f547\", \"b97cd389c149f4cf9641763eb1b7d4a2\"]'),('sorl-thumbnail||image||71867471f4efd99441c95869344a87b8','{\"storage\": \"django.core.files.storage.FileSystemStorage\", \"name\": \"y.jpeg\", \"size\": [714, 615]}'),('sorl-thumbnail||image||6a6b96fc4f7e62fbab6dc2ac411b78a3','{\"storage\": \"django.core.files.storage.FileSystemStorage\", \"name\": \"cache/65/a4/65a4682ea138a85fc34a29955a50b72a.jpg\", \"size\": [155, 185]}'),('sorl-thumbnail||thumbnails||71867471f4efd99441c95869344a87b8','[\"6a6b96fc4f7e62fbab6dc2ac411b78a3\", \"2871e8d60e4cb7267b3145028caf25ce\", \"77fde459cce2f413060990f57e093601\"]'),('sorl-thumbnail||image||77fde459cce2f413060990f57e093601','{\"storage\": \"django.core.files.storage.FileSystemStorage\", \"name\": \"cache/9a/7a/9a7aa58178919c081508873e3c3f05ae.jpg\", \"size\": [95, 115]}'),('sorl-thumbnail||image||9381c0570067a4e65df9aa74ce3447e2','{\"storage\": \"django.core.files.storage.FileSystemStorage\", \"name\": \"cache/15/27/1527e51e77604d120d63fcbd72788a2f.jpg\", \"size\": [95, 115]}'),('sorl-thumbnail||image||072794e6f77273e9114fc193f91abec2','{\"storage\": \"django.core.files.storage.FileSystemStorage\", \"name\": \"BA.png\", \"size\": [535, 656]}'),('sorl-thumbnail||image||344409ca75778b80037db28d5d8b7ea8','{\"storage\": \"django.core.files.storage.FileSystemStorage\", \"name\": \"cache/c6/41/c6411c29c85ac01d7e8eb6d91a24d08d.jpg\", \"size\": [155, 185]}'),('sorl-thumbnail||thumbnails||072794e6f77273e9114fc193f91abec2','[\"344409ca75778b80037db28d5d8b7ea8\"]'),('sorl-thumbnail||image||66e55717e3d06ab4dba6b0887ea396b3','{\"storage\": \"django.core.files.storage.FileSystemStorage\", \"name\": \"BA_1.png\", \"size\": [535, 656]}'),('sorl-thumbnail||image||48ea648b96c51c6a7c1dc7d4958850c8','{\"storage\": \"django.core.files.storage.FileSystemStorage\", \"name\": \"cache/a6/81/a68114fe5b41bbeaf53e2eadabab8ded.jpg\", \"size\": [155, 185]}'),('sorl-thumbnail||thumbnails||66e55717e3d06ab4dba6b0887ea396b3','[\"48ea648b96c51c6a7c1dc7d4958850c8\"]'),('sorl-thumbnail||image||c6b75a50569f95f96019b6c4d9cfce15','{\"storage\": \"django.core.files.storage.FileSystemStorage\", \"name\": \"BB.png\", \"size\": [535, 656]}'),('sorl-thumbnail||image||eb0e906c7bc7f7a045881e9bd82c92e8','{\"storage\": \"django.core.files.storage.FileSystemStorage\", \"name\": \"cache/3a/84/3a84a83c5aeb11e85d4dcec109ad7711.jpg\", \"size\": [155, 185]}'),('sorl-thumbnail||thumbnails||c6b75a50569f95f96019b6c4d9cfce15','[\"eb0e906c7bc7f7a045881e9bd82c92e8\"]'),('sorl-thumbnail||image||8cf5b4b23bebed1353b210bb2ec6f35c','{\"storage\": \"django.core.files.storage.FileSystemStorage\", \"name\": \"BC.jpg\", \"size\": [535, 656]}'),('sorl-thumbnail||image||d8dcd2e5594a9769dbbda95e11226b54','{\"storage\": \"django.core.files.storage.FileSystemStorage\", \"name\": \"cache/ef/83/ef8362720f0060d12b3834a8cdc75ab4.jpg\", \"size\": [155, 185]}'),('sorl-thumbnail||thumbnails||8cf5b4b23bebed1353b210bb2ec6f35c','[\"a902414c836e48ef0db3256d22f854a9\", \"bb623b7d34155e347bdb427cbe8f5057\", \"d8dcd2e5594a9769dbbda95e11226b54\"]'),('sorl-thumbnail||image||fb9147029f88335f8ce6574e4b7bea61','{\"storage\": \"django.core.files.storage.FileSystemStorage\", \"name\": \"BD.jpeg\", \"size\": [590, 590]}'),('sorl-thumbnail||image||e413be37348ba16d806612316629f327','{\"storage\": \"django.core.files.storage.FileSystemStorage\", \"name\": \"cache/54/4f/544f63ee02642e41f95e4fbb36f8d82b.jpg\", \"size\": [155, 185]}'),('sorl-thumbnail||thumbnails||fb9147029f88335f8ce6574e4b7bea61','[\"faa236d4bea4e7092e70f5bb63f419ee\", \"014c428188116037eb6bc16ba67124a8\", \"e413be37348ba16d806612316629f327\"]'),('sorl-thumbnail||image||46c729439717745c3e434624e813a58c','{\"storage\": \"django.core.files.storage.FileSystemStorage\", \"name\": \"BE.jpeg\", \"size\": [690, 590]}'),('sorl-thumbnail||image||5c441d695611d0fd20cfc645b2746386','{\"storage\": \"django.core.files.storage.FileSystemStorage\", \"name\": \"cache/86/1d/861d77ba26cbbca867d8879f1d4305ad.jpg\", \"size\": [155, 185]}'),('sorl-thumbnail||thumbnails||46c729439717745c3e434624e813a58c','[\"5c441d695611d0fd20cfc645b2746386\", \"034569fc45ad5ef90270b4ed9f2fb244\", \"b6e848134b682d9a1286a2519b3d6391\"]'),('sorl-thumbnail||image||be5613220e99a7ac5c00a149554a33ef','{\"storage\": \"django.core.files.storage.FileSystemStorage\", \"name\": \"BG.jpg\", \"size\": [690, 590]}'),('sorl-thumbnail||image||845feb2f8e04bf358a7d3e86ff5d1ec2','{\"storage\": \"django.core.files.storage.FileSystemStorage\", \"name\": \"cache/44/57/44572eee3fae8c7e292477c699b1582e.jpg\", \"size\": [155, 185]}'),('sorl-thumbnail||thumbnails||be5613220e99a7ac5c00a149554a33ef','[\"39716805d379429dc7eb12ff527c5aad\", \"845feb2f8e04bf358a7d3e86ff5d1ec2\", \"2d2b5dc9e326754429f8d44e36a10f76\"]'),('sorl-thumbnail||image||21cc164c6a1f36af9e54235ebdaefe24','{\"storage\": \"django.core.files.storage.FileSystemStorage\", \"name\": \"BF.jpeg\", \"size\": [480, 320]}'),('sorl-thumbnail||image||c92f6b6eb7a44825b3a2710448638ac2','{\"storage\": \"django.core.files.storage.FileSystemStorage\", \"name\": \"cache/1e/47/1e47f480696487f32e888ad6e6e7d8ac.jpg\", \"size\": [155, 185]}'),('sorl-thumbnail||thumbnails||21cc164c6a1f36af9e54235ebdaefe24','[\"c92f6b6eb7a44825b3a2710448638ac2\", \"e1470508e09cf54a5ba2b75afb4f92df\", \"7196e3e8550f726a288e63ef1be87502\"]'),('sorl-thumbnail||image||1104cf43b0c7e973ff3449064ce088cd','{\"storage\": \"django.core.files.storage.FileSystemStorage\", \"name\": \"BH.jpeg\", \"size\": [517, 700]}'),('sorl-thumbnail||image||fcd5ec2ed89cf74e1da212bc6c93c298','{\"storage\": \"django.core.files.storage.FileSystemStorage\", \"name\": \"cache/e7/82/e782e37677328927e58e7cd287353aaa.jpg\", \"size\": [155, 185]}'),('sorl-thumbnail||thumbnails||1104cf43b0c7e973ff3449064ce088cd','[\"fcd5ec2ed89cf74e1da212bc6c93c298\", \"87864d80a0fbaa1d448c79472c73bf32\", \"c587f95afcfbd327f03ec739bf960462\"]'),('sorl-thumbnail||image||c013eecdd0ae4aee0f2f6e8e50e01cd5','{\"storage\": \"django.core.files.storage.FileSystemStorage\", \"name\": \"BI.jpeg\", \"size\": [718, 443]}'),('sorl-thumbnail||image||0b96401260076158046611dd87736463','{\"storage\": \"django.core.files.storage.FileSystemStorage\", \"name\": \"cache/cc/e2/cce2e784164d221f324b4bbb7cbc5a0d.jpg\", \"size\": [155, 185]}'),('sorl-thumbnail||thumbnails||c013eecdd0ae4aee0f2f6e8e50e01cd5','[\"fd4d2fd669e2c0f3503e4979f8a73375\", \"8ca4eb52cbdbf5912b6827ce18045983\", \"0b96401260076158046611dd87736463\"]'),('sorl-thumbnail||image||72d5f0b4262bbc984a9f71cf76667581','{\"storage\": \"django.core.files.storage.FileSystemStorage\", \"name\": \"BK.jpeg\", \"size\": [500, 300]}'),('sorl-thumbnail||image||43335a5838945822447e15de8502be86','{\"storage\": \"django.core.files.storage.FileSystemStorage\", \"name\": \"cache/0d/04/0d044c6d377cde98b488687cf43d5f3f.jpg\", \"size\": [155, 185]}'),('sorl-thumbnail||thumbnails||72d5f0b4262bbc984a9f71cf76667581','[\"43335a5838945822447e15de8502be86\", \"e0b2c03cff5cde89996b2311adad601e\", \"b605975bed4b41398bd102c8d87fee9a\"]'),('sorl-thumbnail||image||3e9cc71a7a325993883dc934992e3ac5','{\"storage\": \"django.core.files.storage.FileSystemStorage\", \"name\": \"BJ.jpeg\", \"size\": [403, 403]}'),('sorl-thumbnail||image||dd8332b4c23c1e747e41d39b25eeb207','{\"storage\": \"django.core.files.storage.FileSystemStorage\", \"name\": \"cache/5c/8e/5c8eb23da30c4367473b8ccca6afbd49.jpg\", \"size\": [155, 185]}'),('sorl-thumbnail||thumbnails||3e9cc71a7a325993883dc934992e3ac5','[\"9f2dd69276100f2afc88256aa00ea035\", \"9bd02ca8426b2a515b73de8a54f8ccf8\", \"dd8332b4c23c1e747e41d39b25eeb207\"]'),('sorl-thumbnail||image||58a81a28814ca9ad3b926ef6c5c3619e','{\"storage\": \"django.core.files.storage.FileSystemStorage\", \"name\": \"BP.jpeg\", \"size\": [590, 590]}'),('sorl-thumbnail||image||555dd374773110cdcba17e0257e3d3e8','{\"storage\": \"django.core.files.storage.FileSystemStorage\", \"name\": \"cache/61/eb/61eb497eaa0ea3b7ae811567e823b8a8.jpg\", \"size\": [155, 185]}'),('sorl-thumbnail||thumbnails||58a81a28814ca9ad3b926ef6c5c3619e','[\"555dd374773110cdcba17e0257e3d3e8\", \"36063582c1bb59b45af5aa8b98565dce\", \"5474fbfcb61b1c6f71d7682790e72bbf\"]'),('sorl-thumbnail||image||70ac92878195909db0aa611079ed5aed','{\"storage\": \"django.core.files.storage.FileSystemStorage\", \"name\": \"BO.jpeg\", \"size\": [590, 590]}'),('sorl-thumbnail||image||6a3b2854cf00349c977218e488586ba5','{\"storage\": \"django.core.files.storage.FileSystemStorage\", \"name\": \"cache/63/ab/63ab1380a7604fd96d3eec0d1373f71f.jpg\", \"size\": [155, 185]}'),('sorl-thumbnail||thumbnails||70ac92878195909db0aa611079ed5aed','[\"6a3b2854cf00349c977218e488586ba5\", \"6ba1e085993cb6dcab23f2bf01e5b62a\", \"53fa5fdcb432b1c8a7c553e15ad34ce9\"]'),('sorl-thumbnail||image||b85c715e14a9380439331a149b61b685','{\"storage\": \"django.core.files.storage.FileSystemStorage\", \"name\": \"BN.jpeg\", \"size\": [503, 295]}'),('sorl-thumbnail||image||fb14b07e7a8a71b58510f55d872de4bc','{\"storage\": \"django.core.files.storage.FileSystemStorage\", \"name\": \"cache/0d/75/0d75ee833a9c42f39e165fe721ebbeda.jpg\", \"size\": [155, 185]}'),('sorl-thumbnail||thumbnails||b85c715e14a9380439331a149b61b685','[\"06fbcd7174b46bd1c940607500a142e0\", \"33d611a33c4a4f13c2d57d0304548908\", \"fb14b07e7a8a71b58510f55d872de4bc\"]'),('sorl-thumbnail||image||7e02f9af74ece3823b4a017e807ec6ff','{\"storage\": \"django.core.files.storage.FileSystemStorage\", \"name\": \"BM.jpeg\", \"size\": [590, 590]}'),('sorl-thumbnail||image||a48b387fd249a62d4bb063cf249caab3','{\"storage\": \"django.core.files.storage.FileSystemStorage\", \"name\": \"cache/36/25/3625209d39de251b3e11e6e7fc6875f3.jpg\", \"size\": [155, 185]}'),('sorl-thumbnail||thumbnails||7e02f9af74ece3823b4a017e807ec6ff','[\"a48b387fd249a62d4bb063cf249caab3\", \"d6a0a4c7deeb8e3a0d3db29fb2f30db3\", \"34eb7e14c4f77fd03212e4bb3541487f\"]'),('sorl-thumbnail||image||4ba3fcd8216c5a4575b50a32ad00441d','{\"storage\": \"django.core.files.storage.FileSystemStorage\", \"name\": \"BL.jpeg\", \"size\": [720, 615]}'),('sorl-thumbnail||image||a6f52abfcd8e19833928f8522f17877b','{\"storage\": \"django.core.files.storage.FileSystemStorage\", \"name\": \"cache/51/68/516846746a2a483cc583ce117f7444b3.jpg\", \"size\": [155, 185]}'),('sorl-thumbnail||thumbnails||4ba3fcd8216c5a4575b50a32ad00441d','[\"a6f52abfcd8e19833928f8522f17877b\", \"0299071c2b756b52b9ed5049244873fe\", \"e5b3b0160f2ac9a3842dcbca5cf4e851\"]'),('sorl-thumbnail||image||1d2f437ca86949b3e857b2065f3e2718','{\"storage\": \"django.core.files.storage.FileSystemStorage\", \"name\": \"BQ.jpeg\", \"size\": [493, 720]}'),('sorl-thumbnail||image||da4b3c6b8a67a360e432514a065230fd','{\"storage\": \"django.core.files.storage.FileSystemStorage\", \"name\": \"cache/5b/3a/5b3a5e1f284e3e93553f4bc41a394758.jpg\", \"size\": [155, 185]}'),('sorl-thumbnail||thumbnails||1d2f437ca86949b3e857b2065f3e2718','[\"da4b3c6b8a67a360e432514a065230fd\", \"e6d3366e3f48feeee498a049d96e1b87\", \"d6ce86c43c655eb29fd523f33bfa0824\"]'),('sorl-thumbnail||image||e0f52b31766d906d6ce96299df477bcd','{\"storage\": \"django.core.files.storage.FileSystemStorage\", \"name\": \"BS.jpeg\", \"size\": [590, 590]}'),('sorl-thumbnail||image||9f3955ad2d48a8de3498c6cacbf1584b','{\"storage\": \"django.core.files.storage.FileSystemStorage\", \"name\": \"cache/f3/f0/f3f0ebfb47cdfa86c19d9db9f1d7e66c.jpg\", \"size\": [155, 185]}'),('sorl-thumbnail||thumbnails||e0f52b31766d906d6ce96299df477bcd','[\"9f3955ad2d48a8de3498c6cacbf1584b\", \"bd54f26db511bbf434487faeb749fc08\", \"92c70f90dfec55bc0274c1e3022d7047\"]'),('sorl-thumbnail||image||a28d9c3b402d3774475f95273e7e1396','{\"storage\": \"django.core.files.storage.FileSystemStorage\", \"name\": \"BR.jpeg\", \"size\": [315, 385]}'),('sorl-thumbnail||image||b42f515f5c3b3993b53a7cecbe49070b','{\"storage\": \"django.core.files.storage.FileSystemStorage\", \"name\": \"cache/b6/a7/b6a7e8bcdc7a22f52a5aa123855eb8e7.jpg\", \"size\": [155, 185]}'),('sorl-thumbnail||thumbnails||a28d9c3b402d3774475f95273e7e1396','[\"b42f515f5c3b3993b53a7cecbe49070b\", \"30a4f43cfb6fffd5f91a1879e21c2a28\", \"315aca24c09c94ca0fe9e5052a35977d\"]'),('sorl-thumbnail||image||64bbc7863f692dd4dc014d503719d699','{\"storage\": \"django.core.files.storage.FileSystemStorage\", \"name\": \"BT.jpeg\", \"size\": [720, 442]}'),('sorl-thumbnail||image||629d3843f742b16cc3817d467621ce9a','{\"storage\": \"django.core.files.storage.FileSystemStorage\", \"name\": \"cache/34/c9/34c93057a12d37769711f13851219d44.jpg\", \"size\": [155, 185]}'),('sorl-thumbnail||thumbnails||64bbc7863f692dd4dc014d503719d699','[\"255b45ec4308cfa317ecb54abee32188\", \"629d3843f742b16cc3817d467621ce9a\", \"c627273fc878bd544ad36a56b2cfa7aa\"]'),('sorl-thumbnail||image||e68eb02bba4c518ef5bc4325b4611437','{\"storage\": \"django.core.files.storage.FileSystemStorage\", \"name\": \"BU.jpg-large\", \"size\": [600, 300]}'),('sorl-thumbnail||image||b9aefa19fe3fef0d19d62ad6440b3219','{\"storage\": \"django.core.files.storage.FileSystemStorage\", \"name\": \"cache/0c/63/0c632ad4076c0bbfca7a7c499e857cf7.jpg\", \"size\": [155, 185]}'),('sorl-thumbnail||thumbnails||e68eb02bba4c518ef5bc4325b4611437','[\"ad76ce29a55dc6a24bec56f2d9a13053\", \"919d46c3eef228524047e64f7712b722\", \"b9aefa19fe3fef0d19d62ad6440b3219\"]'),('sorl-thumbnail||image||31a9f6898760580a884d4d2495c89f52','{\"storage\": \"django.core.files.storage.FileSystemStorage\", \"name\": \"cache/ea/f2/eaf29c43d7e6cbf2324088ae7d7cc707.jpg\", \"size\": [95, 115]}'),('sorl-thumbnail||image||255b45ec4308cfa317ecb54abee32188','{\"storage\": \"django.core.files.storage.FileSystemStorage\", \"name\": \"cache/4d/ec/4dec675257df946faf52eaab6e1e29cf.jpg\", \"size\": [95, 115]}'),('sorl-thumbnail||image||bd54f26db511bbf434487faeb749fc08','{\"storage\": \"django.core.files.storage.FileSystemStorage\", \"name\": \"cache/fb/f9/fbf9486bd1c72e84fbe5bc41fecea734.jpg\", \"size\": [95, 115]}'),('sorl-thumbnail||image||30a4f43cfb6fffd5f91a1879e21c2a28','{\"storage\": \"django.core.files.storage.FileSystemStorage\", \"name\": \"cache/f0/6e/f06e9bd34c74142e6d76cb0f7dce39cd.jpg\", \"size\": [95, 115]}'),('sorl-thumbnail||image||d6ce86c43c655eb29fd523f33bfa0824','{\"storage\": \"django.core.files.storage.FileSystemStorage\", \"name\": \"cache/ea/c5/eac5310c93076d1c7deee8233dfd9eb1.jpg\", \"size\": [95, 115]}'),('sorl-thumbnail||image||36063582c1bb59b45af5aa8b98565dce','{\"storage\": \"django.core.files.storage.FileSystemStorage\", \"name\": \"cache/31/d8/31d882abb6924432dd16517d2a092e95.jpg\", \"size\": [95, 115]}'),('sorl-thumbnail||image||53fa5fdcb432b1c8a7c553e15ad34ce9','{\"storage\": \"django.core.files.storage.FileSystemStorage\", \"name\": \"cache/87/a9/87a970b35498ad890596ff17877527b8.jpg\", \"size\": [95, 115]}'),('sorl-thumbnail||image||33d611a33c4a4f13c2d57d0304548908','{\"storage\": \"django.core.files.storage.FileSystemStorage\", \"name\": \"cache/2d/dc/2ddc5f1db3e4d81205dfa406596d4bd5.jpg\", \"size\": [95, 115]}'),('sorl-thumbnail||image||34eb7e14c4f77fd03212e4bb3541487f','{\"storage\": \"django.core.files.storage.FileSystemStorage\", \"name\": \"cache/51/e0/51e0837e64863e6c7ab40df0d6dfb32f.jpg\", \"size\": [95, 115]}'),('sorl-thumbnail||image||0299071c2b756b52b9ed5049244873fe','{\"storage\": \"django.core.files.storage.FileSystemStorage\", \"name\": \"cache/60/2e/602e25973646aefa08e4db72a651adbf.jpg\", \"size\": [95, 115]}'),('sorl-thumbnail||image||e0b2c03cff5cde89996b2311adad601e','{\"storage\": \"django.core.files.storage.FileSystemStorage\", \"name\": \"cache/db/10/db10aa2d24242af36365dc6a20cae7c7.jpg\", \"size\": [95, 115]}'),('sorl-thumbnail||image||9f2dd69276100f2afc88256aa00ea035','{\"storage\": \"django.core.files.storage.FileSystemStorage\", \"name\": \"cache/a9/d9/a9d939571c1948d1331f9ab0bf54fb0b.jpg\", \"size\": [95, 115]}'),('sorl-thumbnail||image||fd4d2fd669e2c0f3503e4979f8a73375','{\"storage\": \"django.core.files.storage.FileSystemStorage\", \"name\": \"cache/8b/16/8b162a1ee0d212d58e9df1507b8cc440.jpg\", \"size\": [95, 115]}'),('sorl-thumbnail||image||87864d80a0fbaa1d448c79472c73bf32','{\"storage\": \"django.core.files.storage.FileSystemStorage\", \"name\": \"cache/f0/33/f033f26d78829c82a73447eee5a07f15.jpg\", \"size\": [95, 115]}'),('sorl-thumbnail||image||2d7307c7ed2a9cea39a320698508cd6e','{\"storage\": \"django.core.files.storage.FileSystemStorage\", \"name\": \"BV.jpeg\", \"size\": [698, 960]}'),('sorl-thumbnail||image||0a267d5470507c6fe3d5d8b484f00b6c','{\"storage\": \"django.core.files.storage.FileSystemStorage\", \"name\": \"cache/75/f3/75f34cb33ac9cffc0a64713ed4ec159c.jpg\", \"size\": [155, 185]}'),('sorl-thumbnail||thumbnails||2d7307c7ed2a9cea39a320698508cd6e','[\"d8371d75001ac58dd70cd5e59ed71e7a\", \"0a267d5470507c6fe3d5d8b484f00b6c\", \"c398ec5003cf6450773e395f010de905\"]'),('sorl-thumbnail||image||1517fe9f29847955af1ca1bcabe3d200','{\"storage\": \"django.core.files.storage.FileSystemStorage\", \"name\": \"BW.png\", \"size\": [975, 799]}'),('sorl-thumbnail||image||647466b7ea3741848674b259b68e84c0','{\"storage\": \"django.core.files.storage.FileSystemStorage\", \"name\": \"cache/f9/9b/f99b6063083b163dc136a1abc8df705e.jpg\", \"size\": [155, 185]}'),('sorl-thumbnail||thumbnails||1517fe9f29847955af1ca1bcabe3d200','[\"647466b7ea3741848674b259b68e84c0\", \"4ef362e58298de67581676cc8ca86676\", \"603b72cc6e169a38d53c99cfff139523\"]'),('sorl-thumbnail||image||c398ec5003cf6450773e395f010de905','{\"storage\": \"django.core.files.storage.FileSystemStorage\", \"name\": \"cache/8e/ec/8eecbd0f1c0d5e4dcd82056ec9c3d602.jpg\", \"size\": [95, 115]}'),('sorl-thumbnail||image||ad76ce29a55dc6a24bec56f2d9a13053','{\"storage\": \"django.core.files.storage.FileSystemStorage\", \"name\": \"cache/c5/7f/c57f6836bab54a786444ff7efa5131b0.jpg\", \"size\": [95, 115]}'),('sorl-thumbnail||image||e1470508e09cf54a5ba2b75afb4f92df','{\"storage\": \"django.core.files.storage.FileSystemStorage\", \"name\": \"cache/86/fd/86fdd339f480923850a4e038d19093ac.jpg\", \"size\": [95, 115]}'),('sorl-thumbnail||image||b6e848134b682d9a1286a2519b3d6391','{\"storage\": \"django.core.files.storage.FileSystemStorage\", \"name\": \"cache/83/23/8323a08f8d46db59d1fde361f4899d51.jpg\", \"size\": [95, 115]}'),('sorl-thumbnail||image||014c428188116037eb6bc16ba67124a8','{\"storage\": \"django.core.files.storage.FileSystemStorage\", \"name\": \"cache/1a/a8/1aa899b177b4fb15630843ea5bae3fea.jpg\", \"size\": [95, 115]}'),('sorl-thumbnail||image||a902414c836e48ef0db3256d22f854a9','{\"storage\": \"django.core.files.storage.FileSystemStorage\", \"name\": \"cache/bf/70/bf7064d48b96a5d4d18e7d7db1c5bdcb.jpg\", \"size\": [95, 115]}'),('sorl-thumbnail||image||603b72cc6e169a38d53c99cfff139523','{\"storage\": \"django.core.files.storage.FileSystemStorage\", \"name\": \"cache/e2/ba/e2baf55aa5f7d44dad3469d0b9c6ea34.jpg\", \"size\": [95, 115]}'),('sorl-thumbnail||image||2d2b5dc9e326754429f8d44e36a10f76','{\"storage\": \"django.core.files.storage.FileSystemStorage\", \"name\": \"cache/02/59/0259749468383e95705ed48bda23ade5.jpg\", \"size\": [95, 115]}'),('sorl-thumbnail||image||042e97d69795b0870d5a0932315c5041','{\"storage\": \"django.core.files.storage.FileSystemStorage\", \"name\": \"n_2.jpeg\", \"size\": [960, 482]}'),('sorl-thumbnail||image||06617593ab88a9a2b13f477990a05137','{\"storage\": \"django.core.files.storage.FileSystemStorage\", \"name\": \"cache/75/c6/75c608112871b99eff30a0e06e42b542.jpg\", \"size\": [155, 185]}'),('sorl-thumbnail||thumbnails||042e97d69795b0870d5a0932315c5041','[\"42aca9505033560812869e5e47ca06f9\", \"06617593ab88a9a2b13f477990a05137\", \"7906848d3afec4c0e19077fbbeeb3d10\"]'),('sorl-thumbnail||image||c7eea57231736abcb70528d229f3707d','{\"storage\": \"django.core.files.storage.FileSystemStorage\", \"name\": \"BX.jpg-large\", \"size\": [653, 981]}'),('sorl-thumbnail||image||31dc8337cebd3007af5c1b3756d33f5b','{\"storage\": \"django.core.files.storage.FileSystemStorage\", \"name\": \"cache/92/dd/92dd3d512db5b758b608837eb7152b4a.jpg\", \"size\": [155, 185]}'),('sorl-thumbnail||thumbnails||c7eea57231736abcb70528d229f3707d','[\"31dc8337cebd3007af5c1b3756d33f5b\", \"24279950d0c4abfabb9d7abf7033d157\", \"351a048f3f8f384c5d4d431667e7b9d5\"]'),('sorl-thumbnail||image||7906848d3afec4c0e19077fbbeeb3d10','{\"storage\": \"django.core.files.storage.FileSystemStorage\", \"name\": \"cache/d7/b7/d7b707eecf1084cd484864d7a3ca5ca6.jpg\", \"size\": [95, 115]}'),('sorl-thumbnail||image||2bd794b3a13acacabe9e250270697279','{\"storage\": \"django.core.files.storage.FileSystemStorage\", \"name\": \"BY.jpeg\", \"size\": [612, 612]}'),('sorl-thumbnail||image||da0453413ed9d75e1673c12fcede35c4','{\"storage\": \"django.core.files.storage.FileSystemStorage\", \"name\": \"cache/18/d6/18d642128ddbafa3b451f9e713c47165.jpg\", \"size\": [155, 185]}'),('sorl-thumbnail||thumbnails||2bd794b3a13acacabe9e250270697279','[\"2551b161a52b2a370a1b09b844378cb2\", \"c09673d15a8e78951fbdb8f92895e1b9\", \"da0453413ed9d75e1673c12fcede35c4\"]'),('sorl-thumbnail||image||24279950d0c4abfabb9d7abf7033d157','{\"storage\": \"django.core.files.storage.FileSystemStorage\", \"name\": \"cache/0a/6c/0a6c71cc92a6c619de462b95d4ff88b1.jpg\", \"size\": [95, 115]}'),('sorl-thumbnail||image||b1bb0d6442675a04b69a481fa36f574c','{\"storage\": \"django.core.files.storage.FileSystemStorage\", \"name\": \"BZ.jpeg\", \"size\": [615, 615]}'),('sorl-thumbnail||image||993b7b4bd163a118bd760a782684e8aa','{\"storage\": \"django.core.files.storage.FileSystemStorage\", \"name\": \"cache/ab/78/ab78c873e14389fbeecdcbe23d8d33cc.jpg\", \"size\": [155, 185]}'),('sorl-thumbnail||thumbnails||b1bb0d6442675a04b69a481fa36f574c','[\"993b7b4bd163a118bd760a782684e8aa\", \"50291ff03e8ea7775c9944cd15b038ac\", \"7ffb23257b949be7f358dd90abc218f1\"]'),('sorl-thumbnail||image||2551b161a52b2a370a1b09b844378cb2','{\"storage\": \"django.core.files.storage.FileSystemStorage\", \"name\": \"cache/42/39/4239c590eea26783255d803e3153e89c.jpg\", \"size\": [95, 115]}'),('sorl-thumbnail||image||7cad805fc98d3292eb898cb7e62161d0','{\"storage\": \"django.core.files.storage.FileSystemStorage\", \"name\": \"B0.jpeg\", \"size\": [590, 590]}'),('sorl-thumbnail||image||c7340354f12322f1d4215310f4b52eee','{\"storage\": \"django.core.files.storage.FileSystemStorage\", \"name\": \"cache/ae/d9/aed937ed45121a868c972efc391e917b.jpg\", \"size\": [155, 185]}'),('sorl-thumbnail||thumbnails||7cad805fc98d3292eb898cb7e62161d0','[\"c7340354f12322f1d4215310f4b52eee\", \"0d4b951cb9355ce7e7d4221a47d00655\", \"c1fec38cec42903cbf8c42990117dd64\"]'),('sorl-thumbnail||image||50291ff03e8ea7775c9944cd15b038ac','{\"storage\": \"django.core.files.storage.FileSystemStorage\", \"name\": \"cache/84/17/84179f11329877cd6b6476497b57de6f.jpg\", \"size\": [95, 115]}'),('sorl-thumbnail||image||a811dc08c648bd6c63eb7546b022da49','{\"storage\": \"django.core.files.storage.FileSystemStorage\", \"name\": \"B1.jpeg\", \"size\": [590, 590]}'),('sorl-thumbnail||image||e336d611bbcad99b2c127e1cf17aaa92','{\"storage\": \"django.core.files.storage.FileSystemStorage\", \"name\": \"cache/fb/4e/fb4e88ef70ff84ec9b7038bbfb4e55b0.jpg\", \"size\": [155, 185]}'),('sorl-thumbnail||thumbnails||a811dc08c648bd6c63eb7546b022da49','[\"27813172377a8bbc1af3c12abf1b9727\", \"976c032707015a9d23f565b0c0040bd3\", \"e336d611bbcad99b2c127e1cf17aaa92\"]'),('sorl-thumbnail||image||af6a29a6fae05324feb02764a96f613a','{\"storage\": \"django.core.files.storage.FileSystemStorage\", \"name\": \"B3.jpeg\", \"size\": [590, 590]}'),('sorl-thumbnail||image||67c39772b85647715d2babe6448d467c','{\"storage\": \"django.core.files.storage.FileSystemStorage\", \"name\": \"cache/11/70/1170f07df379d81c5387a072f182e12e.jpg\", \"size\": [155, 185]}'),('sorl-thumbnail||thumbnails||af6a29a6fae05324feb02764a96f613a','[\"67c39772b85647715d2babe6448d467c\", \"a95a3ef5c02177e45009780a338097cc\", \"89930ec6b8d18d2365b84f8422c27a21\"]'),('sorl-thumbnail||image||9c2bccdfbc6854aa53fea5e3cff821fb','{\"storage\": \"django.core.files.storage.FileSystemStorage\", \"name\": \"B2.jpeg\", \"size\": [590, 590]}'),('sorl-thumbnail||image||e62d63dd8bd63879d781efbc95f91673','{\"storage\": \"django.core.files.storage.FileSystemStorage\", \"name\": \"cache/59/56/59562208bc16cff8832a683f57809631.jpg\", \"size\": [155, 185]}'),('sorl-thumbnail||thumbnails||9c2bccdfbc6854aa53fea5e3cff821fb','[\"9ed359ca00248b0263189cc7808cc14d\", \"e62d63dd8bd63879d781efbc95f91673\", \"4efae913bb99ca8bed535d7516cb02cc\"]'),('sorl-thumbnail||image||8c653f980a63ce6cb3f567286dc510e7','{\"storage\": \"django.core.files.storage.FileSystemStorage\", \"name\": \"B4.jpeg\", \"size\": [562, 729]}'),('sorl-thumbnail||image||0939c6359ed88f025d6d80ea4d1ec501','{\"storage\": \"django.core.files.storage.FileSystemStorage\", \"name\": \"cache/e0/1e/e01e4b55b71d05bdeb6f4510b047b0ad.jpg\", \"size\": [155, 185]}'),('sorl-thumbnail||thumbnails||8c653f980a63ce6cb3f567286dc510e7','[\"95aae13073509274fdd7866058bf768b\", \"0939c6359ed88f025d6d80ea4d1ec501\", \"a8cadd7a0ab15ec98ec189185e9ad9f8\"]'),('sorl-thumbnail||image||89930ec6b8d18d2365b84f8422c27a21','{\"storage\": \"django.core.files.storage.FileSystemStorage\", \"name\": \"cache/c2/af/c2af70ba8b4f0ff6eda12a95293f20a4.jpg\", \"size\": [95, 115]}'),('sorl-thumbnail||image||9ed359ca00248b0263189cc7808cc14d','{\"storage\": \"django.core.files.storage.FileSystemStorage\", \"name\": \"cache/92/e6/92e69b50a8d5d00e03a4dc7cef3e876e.jpg\", \"size\": [95, 115]}'),('sorl-thumbnail||image||976c032707015a9d23f565b0c0040bd3','{\"storage\": \"django.core.files.storage.FileSystemStorage\", \"name\": \"cache/ed/c9/edc92734f5ba21175e7a8ce1cb493250.jpg\", \"size\": [95, 115]}'),('sorl-thumbnail||image||0d4b951cb9355ce7e7d4221a47d00655','{\"storage\": \"django.core.files.storage.FileSystemStorage\", \"name\": \"cache/95/03/9503877f5da022a9d552cc35936841db.jpg\", \"size\": [95, 115]}'),('sorl-thumbnail||image||98d01dcd6475c28011e09d1796386daf','{\"storage\": \"django.core.files.storage.FileSystemStorage\", \"name\": \"B5.jpeg\", \"size\": [590, 590]}'),('sorl-thumbnail||image||3388cd77266fd80dba97d47c4d13dab5','{\"storage\": \"django.core.files.storage.FileSystemStorage\", \"name\": \"cache/6f/15/6f1501d55cda82b062c58c5fc44fe36d.jpg\", \"size\": [155, 185]}'),('sorl-thumbnail||thumbnails||98d01dcd6475c28011e09d1796386daf','[\"3388cd77266fd80dba97d47c4d13dab5\", \"2db0053b5baf946537ba233d117ae8f9\", \"2e57eeed2f43332e06048831e4a86a2e\"]'),('sorl-thumbnail||image||a8cadd7a0ab15ec98ec189185e9ad9f8','{\"storage\": \"django.core.files.storage.FileSystemStorage\", \"name\": \"cache/b6/02/b602ab6b037334d7d560ab73db087f60.jpg\", \"size\": [95, 115]}'),('sorl-thumbnail||image||d054fbdc686facd8c816839ae3226548','{\"storage\": \"django.core.files.storage.FileSystemStorage\", \"name\": \"B7.jpeg\", \"size\": [1000, 1000]}'),('sorl-thumbnail||image||ad99f305790b28403a604d630cdc23d6','{\"storage\": \"django.core.files.storage.FileSystemStorage\", \"name\": \"cache/86/fa/86faec015aedafbde4120a7be8cbb7f4.jpg\", \"size\": [155, 185]}'),('sorl-thumbnail||thumbnails||d054fbdc686facd8c816839ae3226548','[\"8c5475896a78419ca62a10d8a2fdeedc\", \"1df6a423fdf6a5ea5ac34823adf31c64\", \"ad99f305790b28403a604d630cdc23d6\"]'),('sorl-thumbnail||image||0ce54ba4f1c6e491d34d97807c303b69','{\"storage\": \"django.core.files.storage.FileSystemStorage\", \"name\": \"B6.jpeg\", \"size\": [720, 585]}'),('sorl-thumbnail||image||1fec1edc5404ae860c92937aaa9e08be','{\"storage\": \"django.core.files.storage.FileSystemStorage\", \"name\": \"cache/1d/b5/1db523548843de75a99807a1736114f0.jpg\", \"size\": [155, 185]}'),('sorl-thumbnail||thumbnails||0ce54ba4f1c6e491d34d97807c303b69','[\"1fec1edc5404ae860c92937aaa9e08be\", \"db79b40407ecc3dda122dd7b17cbe6e9\", \"e3d0c6282691d88d66cc69218ca3ee4c\"]'),('sorl-thumbnail||image||e3d0c6282691d88d66cc69218ca3ee4c','{\"storage\": \"django.core.files.storage.FileSystemStorage\", \"name\": \"cache/7b/fb/7bfbf6673bbaad6c0d3705b71efeeeee.jpg\", \"size\": [95, 115]}'),('sorl-thumbnail||image||2e57eeed2f43332e06048831e4a86a2e','{\"storage\": \"django.core.files.storage.FileSystemStorage\", \"name\": \"cache/bb/2c/bb2c9f0d14ad38955339e2db4c052736.jpg\", \"size\": [95, 115]}'),('sorl-thumbnail||image||47f5cc56b661bacfbde42cc9dc2a5ea4','{\"storage\": \"django.core.files.storage.FileSystemStorage\", \"name\": \"B9.jpeg\", \"size\": [590, 590]}'),('sorl-thumbnail||image||76aab68dab1191c3ec784d11674ec354','{\"storage\": \"django.core.files.storage.FileSystemStorage\", \"name\": \"cache/fb/39/fb393fd76fc7276760354f61f38d792b.jpg\", \"size\": [155, 185]}'),('sorl-thumbnail||thumbnails||47f5cc56b661bacfbde42cc9dc2a5ea4','[\"76aab68dab1191c3ec784d11674ec354\", \"25b69d06c7d439fa861ad896e2e1a8ab\", \"595ee5e41aaccf6dbac1ad3cc94a30ec\"]'),('sorl-thumbnail||image||2ee0869142085522e4f5f9f0bdd576a3','{\"storage\": \"django.core.files.storage.FileSystemStorage\", \"name\": \"B8.jpeg\", \"size\": [590, 590]}'),('sorl-thumbnail||image||32bad6f1cfa5df4c9ef0879cc01a4a24','{\"storage\": \"django.core.files.storage.FileSystemStorage\", \"name\": \"cache/59/25/592539fbb59fc5afc021ba817379bf84.jpg\", \"size\": [155, 185]}'),('sorl-thumbnail||thumbnails||2ee0869142085522e4f5f9f0bdd576a3','[\"2d9351598829a1a940df2ddceef5ede9\", \"1e21501dca76fbda4b0bc3d9135e31ec\", \"32bad6f1cfa5df4c9ef0879cc01a4a24\"]'),('sorl-thumbnail||image||2d9351598829a1a940df2ddceef5ede9','{\"storage\": \"django.core.files.storage.FileSystemStorage\", \"name\": \"cache/27/ba/27baad5985ba338327f8aa8e55949177.jpg\", \"size\": [95, 115]}'),('sorl-thumbnail||image||8c5475896a78419ca62a10d8a2fdeedc','{\"storage\": \"django.core.files.storage.FileSystemStorage\", \"name\": \"cache/98/e2/98e2d4f37414d9acdebf25bf4044458a.jpg\", \"size\": [95, 115]}'),('sorl-thumbnail||image||cdf8a86840bab401df13d7639da70513','{\"storage\": \"django.core.files.storage.FileSystemStorage\", \"name\": \"Ba.jpeg\", \"size\": [960, 960]}'),('sorl-thumbnail||image||bd6a5c7384cb748b34b20b1441c965bd','{\"storage\": \"django.core.files.storage.FileSystemStorage\", \"name\": \"cache/17/37/17370ff51bd739c7e73bf45114960091.jpg\", \"size\": [155, 185]}'),('sorl-thumbnail||thumbnails||cdf8a86840bab401df13d7639da70513','[\"05861d4008db5b4efa92fe63738004cd\", \"44e0e1ff148822c69f124dd0d15f259f\", \"bd6a5c7384cb748b34b20b1441c965bd\"]'),('sorl-thumbnail||image||25b69d06c7d439fa861ad896e2e1a8ab','{\"storage\": \"django.core.files.storage.FileSystemStorage\", \"name\": \"cache/d8/bb/d8bb226a6165602fe52f83f68dd18f4d.jpg\", \"size\": [95, 115]}'),('sorl-thumbnail||image||84facb5225db723b04117ea69cdb8a4f','{\"storage\": \"django.core.files.storage.FileSystemStorage\", \"name\": \"Bb.jpg\", \"size\": [1177, 1286]}'),('sorl-thumbnail||image||c9068f21ee36ffcf99842b91374449f0','{\"storage\": \"django.core.files.storage.FileSystemStorage\", \"name\": \"cache/a9/61/a9614aeb5559ef9423ff4710ab7e9991.jpg\", \"size\": [155, 185]}'),('sorl-thumbnail||thumbnails||84facb5225db723b04117ea69cdb8a4f','[\"9a933b0d4e3289995154125fbe225a1d\", \"c9068f21ee36ffcf99842b91374449f0\", \"7aed0f9c596d0523ce7a7125c7b56657\"]'),('sorl-thumbnail||image||05861d4008db5b4efa92fe63738004cd','{\"storage\": \"django.core.files.storage.FileSystemStorage\", \"name\": \"cache/6c/e7/6ce72b0a4830d77b4e6ec893528b6918.jpg\", \"size\": [95, 115]}'),('sorl-thumbnail||image||e90e0fb2ed060d99b4a7d0cab564428f','{\"storage\": \"django.core.files.storage.FileSystemStorage\", \"name\": \"Bd.jpg\", \"size\": [1087, 2517]}'),('sorl-thumbnail||image||f52c66167a4ba1a046dc92348009ca67','{\"storage\": \"django.core.files.storage.FileSystemStorage\", \"name\": \"cache/2e/33/2e33bc0d2ef085f0e62bc1a9402ff9fa.jpg\", \"size\": [155, 185]}'),('sorl-thumbnail||thumbnails||e90e0fb2ed060d99b4a7d0cab564428f','[\"f52c66167a4ba1a046dc92348009ca67\", \"89dd039c41506cbca78a5980223f97cf\", \"cb2c6f415c8512c01cb3b646de871a25\"]'),('sorl-thumbnail||image||32511f722673edd0c94f76f3ea2bf219','{\"storage\": \"django.core.files.storage.FileSystemStorage\", \"name\": \"Bc.jpg\", \"size\": [620, 3480]}'),('sorl-thumbnail||image||46b3704dd7307a3c85b16750241817ac','{\"storage\": \"django.core.files.storage.FileSystemStorage\", \"name\": \"cache/ab/25/ab25fb929c0495e1e6690bf0153a8072.jpg\", \"size\": [155, 185]}'),('sorl-thumbnail||thumbnails||32511f722673edd0c94f76f3ea2bf219','[\"c09155f7d0fe45431bf052dbc47a3921\", \"7225fb4577ab1f6dc4325cfd30000c94\", \"46b3704dd7307a3c85b16750241817ac\"]'),('sorl-thumbnail||image||7225fb4577ab1f6dc4325cfd30000c94','{\"storage\": \"django.core.files.storage.FileSystemStorage\", \"name\": \"cache/ab/7f/ab7fbc920223bddbed94c64f4f89a217.jpg\", \"size\": [95, 115]}'),('sorl-thumbnail||image||7aed0f9c596d0523ce7a7125c7b56657','{\"storage\": \"django.core.files.storage.FileSystemStorage\", \"name\": \"cache/33/b7/33b75874ce858def80329bdd2b22057a.jpg\", \"size\": [95, 115]}'),('sorl-thumbnail||image||013a10c2cbff266364f798d459f171d2','{\"storage\": \"django.core.files.storage.FileSystemStorage\", \"name\": \"Be.jpeg\", \"size\": [640, 320]}'),('sorl-thumbnail||image||d4df74d62dbcf958687915be601f7e07','{\"storage\": \"django.core.files.storage.FileSystemStorage\", \"name\": \"cache/26/9d/269da691e67938d03001bfaf4f93fd1b.jpg\", \"size\": [155, 185]}'),('sorl-thumbnail||thumbnails||013a10c2cbff266364f798d459f171d2','[\"d4df74d62dbcf958687915be601f7e07\", \"4d69129b23e1cba9d0258ba56e5c71fd\", \"30588a3051ba31a4df60b73f8b7de68e\"]'),('sorl-thumbnail||image||cb2c6f415c8512c01cb3b646de871a25','{\"storage\": \"django.core.files.storage.FileSystemStorage\", \"name\": \"cache/01/e2/01e2cfcc64f2cfdba50c784585dd0780.jpg\", \"size\": [95, 115]}'),('sorl-thumbnail||image||b469a64bd0539f9a5a217c73c009f403','{\"storage\": \"django.core.files.storage.FileSystemStorage\", \"name\": \"Bf_1.jpeg\", \"size\": [660, 442]}'),('sorl-thumbnail||image||ae65e801d50da93d93567fc365eb6397','{\"storage\": \"django.core.files.storage.FileSystemStorage\", \"name\": \"cache/cd/03/cd03e4dba6e6907ccf4849f4574f57d7.jpg\", \"size\": [155, 185]}'),('sorl-thumbnail||thumbnails||b469a64bd0539f9a5a217c73c009f403','[\"9f85027b8a423f1236471c94c1b55d55\", \"179fd142dc7d66f7804cd7075c7dec91\", \"ae65e801d50da93d93567fc365eb6397\"]'),('sorl-thumbnail||image||30588a3051ba31a4df60b73f8b7de68e','{\"storage\": \"django.core.files.storage.FileSystemStorage\", \"name\": \"cache/4d/c9/4dc94fe8555427bb53e4db1037a6166f.jpg\", \"size\": [95, 115]}'),('sorl-thumbnail||image||c9b1c3c50825b2ee737c081ac584a4f2','{\"storage\": \"django.core.files.storage.FileSystemStorage\", \"name\": \"Bg.jpeg\", \"size\": [500, 372]}'),('sorl-thumbnail||image||6881ae8ded70b7fa255cac179ddf9a4a','{\"storage\": \"django.core.files.storage.FileSystemStorage\", \"name\": \"cache/23/08/2308d39b532e0dff9e9be492f5fb135e.jpg\", \"size\": [155, 185]}'),('sorl-thumbnail||thumbnails||c9b1c3c50825b2ee737c081ac584a4f2','[\"979bbdc1912bcd1c2c4b9974b14732d8\", \"6881ae8ded70b7fa255cac179ddf9a4a\", \"8907e97d5eaec73903d51b1a5981e2e9\"]'),('sorl-thumbnail||image||179fd142dc7d66f7804cd7075c7dec91','{\"storage\": \"django.core.files.storage.FileSystemStorage\", \"name\": \"cache/ce/36/ce363926892df656811f3c7adc929076.jpg\", \"size\": [95, 115]}'),('sorl-thumbnail||image||f8dabdafe84cf006144b5d63416aa0d6','{\"storage\": \"django.core.files.storage.FileSystemStorage\", \"name\": \"Bh.jpeg\", \"size\": [720, 720]}'),('sorl-thumbnail||image||2a6ecdde1544915045e23558b5cadbf6','{\"storage\": \"django.core.files.storage.FileSystemStorage\", \"name\": \"cache/15/ce/15ce11c3d1c04590fed740b9321607dc.jpg\", \"size\": [155, 185]}'),('sorl-thumbnail||thumbnails||f8dabdafe84cf006144b5d63416aa0d6','[\"2a6ecdde1544915045e23558b5cadbf6\", \"d095bbab86433dabe98c39b0f6fd40b2\", \"cd6cafbfe5eb2659a3092c0b152c629e\"]'),('sorl-thumbnail||image||8907e97d5eaec73903d51b1a5981e2e9','{\"storage\": \"django.core.files.storage.FileSystemStorage\", \"name\": \"cache/a2/06/a206f7fa2b0fd1c2c41f1acf6cba325b.jpg\", \"size\": [95, 115]}'),('sorl-thumbnail||image||31ca7c2def91aeb48e0c1744614cf1cc','{\"storage\": \"django.core.files.storage.FileSystemStorage\", \"name\": \"Bi.png\", \"size\": [538, 243]}'),('sorl-thumbnail||image||16e90ee7117ecc44c253016940bac5b1','{\"storage\": \"django.core.files.storage.FileSystemStorage\", \"name\": \"cache/69/9f/699f444594b89a0fcac0d07b639ffa61.jpg\", \"size\": [155, 185]}'),('sorl-thumbnail||thumbnails||31ca7c2def91aeb48e0c1744614cf1cc','[\"3914149fdcdd4436ab8f560b7bd61238\", \"3aca74d281419cbe76230779cdbf5315\", \"16e90ee7117ecc44c253016940bac5b1\"]'),('sorl-thumbnail||image||d095bbab86433dabe98c39b0f6fd40b2','{\"storage\": \"django.core.files.storage.FileSystemStorage\", \"name\": \"cache/aa/0b/aa0bf104bdda64c645924935c145f647.jpg\", \"size\": [95, 115]}'),('sorl-thumbnail||image||7226a8756aca21d4fac08aa759da7450','{\"storage\": \"django.core.files.storage.FileSystemStorage\", \"name\": \"Bj.jpeg\", \"size\": [876, 405]}'),('sorl-thumbnail||image||c3417224a8216347abbf9afc4b26338d','{\"storage\": \"django.core.files.storage.FileSystemStorage\", \"name\": \"cache/f0/7f/f07f6907d4f1533bfd47ec08642d2db0.jpg\", \"size\": [155, 185]}'),('sorl-thumbnail||thumbnails||7226a8756aca21d4fac08aa759da7450','[\"2b967f24705ef4ab6b6f921110543810\", \"c3417224a8216347abbf9afc4b26338d\", \"2c7a70a1ddd91d10ab0296ece193fe05\"]'),('sorl-thumbnail||image||3aca74d281419cbe76230779cdbf5315','{\"storage\": \"django.core.files.storage.FileSystemStorage\", \"name\": \"cache/c6/01/c6013ec8958cee09e69a0fb11257401b.jpg\", \"size\": [95, 115]}'),('sorl-thumbnail||image||dedfbedd260ee1e3a15c16e536c80b9f','{\"storage\": \"django.core.files.storage.FileSystemStorage\", \"name\": \"Bk.jpeg\", \"size\": [1630, 1222]}'),('sorl-thumbnail||image||1322788a8fac64fefac749b740c8835f','{\"storage\": \"django.core.files.storage.FileSystemStorage\", \"name\": \"cache/27/82/27829e2a5791986f2eba463f6d54c983.jpg\", \"size\": [155, 185]}'),('sorl-thumbnail||thumbnails||dedfbedd260ee1e3a15c16e536c80b9f','[\"1322788a8fac64fefac749b740c8835f\", \"cea726a7a8abbad8c82af419fa2e3a5c\", \"cbd7b8c72fff11370c4d5deaae157725\"]'),('sorl-thumbnail||image||2b967f24705ef4ab6b6f921110543810','{\"storage\": \"django.core.files.storage.FileSystemStorage\", \"name\": \"cache/bc/d9/bcd9591d8c1c943bb159680c863f84bb.jpg\", \"size\": [95, 115]}'),('sorl-thumbnail||image||494bc52616c424759d693994151d7b81','{\"storage\": \"django.core.files.storage.FileSystemStorage\", \"name\": \"Bl.jpeg\", \"size\": [590, 590]}'),('sorl-thumbnail||image||d9676955977806e23d27cfd29d0e98b9','{\"storage\": \"django.core.files.storage.FileSystemStorage\", \"name\": \"cache/4d/d8/4dd89eb3e13b4b86e8bbefbcf1b80d98.jpg\", \"size\": [155, 185]}'),('sorl-thumbnail||thumbnails||494bc52616c424759d693994151d7b81','[\"f92f36f1f5eca439501050cdfebdd49d\", \"d9676955977806e23d27cfd29d0e98b9\", \"88213a7e7e848ed5f071af3d788062e9\"]'),('sorl-thumbnail||image||cbd7b8c72fff11370c4d5deaae157725','{\"storage\": \"django.core.files.storage.FileSystemStorage\", \"name\": \"cache/99/be/99be28a6da4c7a3cb7f5b1edafda11ec.jpg\", \"size\": [95, 115]}'),('sorl-thumbnail||image||29faeaf2cc1767d06cd59a10861708fb','{\"storage\": \"django.core.files.storage.FileSystemStorage\", \"name\": \"Bm.jpeg\", \"size\": [533, 379]}'),('sorl-thumbnail||image||ea5c4ffdd0a121378a97d58c66d96300','{\"storage\": \"django.core.files.storage.FileSystemStorage\", \"name\": \"cache/14/aa/14aa7698140ccef011a9f4a4dac835ad.jpg\", \"size\": [155, 185]}'),('sorl-thumbnail||thumbnails||29faeaf2cc1767d06cd59a10861708fb','[\"02bf2fa4652c0c49198a960a8263db21\", \"eaf08d5b8f8e56c2ac93539ad9fe8ab6\", \"ea5c4ffdd0a121378a97d58c66d96300\"]'),('sorl-thumbnail||image||f92f36f1f5eca439501050cdfebdd49d','{\"storage\": \"django.core.files.storage.FileSystemStorage\", \"name\": \"cache/85/05/8505f53f2217e77e6d8804986df3ab1d.jpg\", \"size\": [95, 115]}'),('sorl-thumbnail||image||36daa7f28d366efcb40199ca807cb810','{\"storage\": \"django.core.files.storage.FileSystemStorage\", \"name\": \"Bn.png\", \"size\": [895, 617]}'),('sorl-thumbnail||image||716b16db1fb3653a02bf5b1a5a0b7f14','{\"storage\": \"django.core.files.storage.FileSystemStorage\", \"name\": \"cache/11/e7/11e7b92e95bce48b07afa3c8d4b0df7c.jpg\", \"size\": [155, 185]}'),('sorl-thumbnail||thumbnails||36daa7f28d366efcb40199ca807cb810','[\"5797eea20bcbc9f8b427a174d0faa8ab\", \"716b16db1fb3653a02bf5b1a5a0b7f14\", \"3e30156a67770990392ccc9f9c27448c\"]'),('sorl-thumbnail||image||eaf08d5b8f8e56c2ac93539ad9fe8ab6','{\"storage\": \"django.core.files.storage.FileSystemStorage\", \"name\": \"cache/10/c4/10c405a0f6888bbddd6695feb2e95c0b.jpg\", \"size\": [95, 115]}'),('sorl-thumbnail||image||7fa6a6375d6d173f4a17b35733074615','{\"storage\": \"django.core.files.storage.FileSystemStorage\", \"name\": \"Bo.jpeg\", \"size\": [600, 513]}'),('sorl-thumbnail||image||1a1ec0b6721a867ba47919533774e5a5','{\"storage\": \"django.core.files.storage.FileSystemStorage\", \"name\": \"cache/02/03/02038112eeaa5dc0fcd116dfa7c9fccd.jpg\", \"size\": [155, 185]}'),('sorl-thumbnail||thumbnails||7fa6a6375d6d173f4a17b35733074615','[\"1a1ec0b6721a867ba47919533774e5a5\", \"fce0ec1076221faceb6491cf0892813f\", \"16fe79748b7acc35e417227015e61d8b\"]'),('sorl-thumbnail||image||3e30156a67770990392ccc9f9c27448c','{\"storage\": \"django.core.files.storage.FileSystemStorage\", \"name\": \"cache/f5/c7/f5c7b044799de0503f0d183b3d8b5540.jpg\", \"size\": [95, 115]}'),('sorl-thumbnail||image||0c12f6671c307fa8da37bfec5befd2a3','{\"storage\": \"django.core.files.storage.FileSystemStorage\", \"name\": \".jpeg_1\", \"size\": [2560, 1401]}'),('sorl-thumbnail||image||90fa4baaeab668f7051e82d20790d88c','{\"storage\": \"django.core.files.storage.FileSystemStorage\", \"name\": \"cache/47/48/47481a37171b1f915a918f0ea70884b4.jpg\", \"size\": [155, 185]}'),('sorl-thumbnail||thumbnails||0c12f6671c307fa8da37bfec5befd2a3','[\"90fa4baaeab668f7051e82d20790d88c\", \"57b1c25bff1c60d6c328cb5347e8d444\", \"94635e27c80e94a19f2dc43f7d659f69\"]'),('sorl-thumbnail||image||16fe79748b7acc35e417227015e61d8b','{\"storage\": \"django.core.files.storage.FileSystemStorage\", \"name\": \"cache/45/3c/453c8847c71bccec44c00726f4b4268b.jpg\", \"size\": [95, 115]}'),('sorl-thumbnail||image||6b77fce16fa0a019ecad83d49c62474c','{\"storage\": \"django.core.files.storage.FileSystemStorage\", \"name\": \"Bq.jpg-large\", \"size\": [720, 379]}'),('sorl-thumbnail||image||e3403889d5daf23f25bd358fd5601050','{\"storage\": \"django.core.files.storage.FileSystemStorage\", \"name\": \"cache/db/37/db37e3ef694d050fa083a45874ab389e.jpg\", \"size\": [155, 185]}'),('sorl-thumbnail||thumbnails||6b77fce16fa0a019ecad83d49c62474c','[\"315582269826fd285d27c311fb56c879\", \"e3403889d5daf23f25bd358fd5601050\", \"2f6c6c73608f1a038491262fc8cccd7a\"]'),('sorl-thumbnail||image||94635e27c80e94a19f2dc43f7d659f69','{\"storage\": \"django.core.files.storage.FileSystemStorage\", \"name\": \"cache/e6/21/e6212ec6c3e349c4a5391897a13c5806.jpg\", \"size\": [95, 115]}'),('sorl-thumbnail||image||078dcc1a7ff40ee54e46dc738e6dd8d0','{\"storage\": \"django.core.files.storage.FileSystemStorage\", \"name\": \".jpeg_2\", \"size\": [1033, 804]}'),('sorl-thumbnail||image||4e6c8137492065a586a6696f7ac3ad6a','{\"storage\": \"django.core.files.storage.FileSystemStorage\", \"name\": \"cache/5e/66/5e664cef37fd64b0d5b28cf45f1f1913.jpg\", \"size\": [155, 185]}'),('sorl-thumbnail||thumbnails||078dcc1a7ff40ee54e46dc738e6dd8d0','[\"698b3221756967ee0121ed3a972a45e0\", \"4e6c8137492065a586a6696f7ac3ad6a\", \"e1a198a236f20f574618dc0ba34ea528\"]'),('sorl-thumbnail||image||315582269826fd285d27c311fb56c879','{\"storage\": \"django.core.files.storage.FileSystemStorage\", \"name\": \"cache/53/f5/53f52eb518e9e445511ee19ce19d4b2f.jpg\", \"size\": [95, 115]}'),('sorl-thumbnail||image||1f1670308e122b10bdb27c48118cf034','{\"storage\": \"django.core.files.storage.FileSystemStorage\", \"name\": \".jpeg_3\", \"size\": [604, 960]}'),('sorl-thumbnail||image||1f3e92f6936b194cf2fa0db92845047b','{\"storage\": \"django.core.files.storage.FileSystemStorage\", \"name\": \"cache/ab/48/ab489e2f4b163015d1e6741f9de889cf.jpg\", \"size\": [155, 185]}'),('sorl-thumbnail||thumbnails||1f1670308e122b10bdb27c48118cf034','[\"1f3e92f6936b194cf2fa0db92845047b\", \"0fc41fec7c226875cef32ffd7be2d938\", \"aa3020bc6669331574e56f384acec500\"]'),('sorl-thumbnail||image||e1a198a236f20f574618dc0ba34ea528','{\"storage\": \"django.core.files.storage.FileSystemStorage\", \"name\": \"cache/ac/c1/acc19c5df13dcf058da66f0a6f2b04e9.jpg\", \"size\": [95, 115]}'),('sorl-thumbnail||image||798c6a0f570ddeee4754acdb66217904','{\"storage\": \"django.core.files.storage.FileSystemStorage\", \"name\": \".png\", \"size\": [499, 489]}'),('sorl-thumbnail||image||af3a73d56b890c6716b6b8be8b745d04','{\"storage\": \"django.core.files.storage.FileSystemStorage\", \"name\": \"cache/e4/dc/e4dc9e090a2905964e9a2b5d9d8cc4dd.jpg\", \"size\": [155, 185]}'),('sorl-thumbnail||thumbnails||798c6a0f570ddeee4754acdb66217904','[\"18166597d1c605e492dd2bce6e52af52\", \"af3a73d56b890c6716b6b8be8b745d04\", \"e8e5a3cb069de0e773c51b0c59f607a1\"]'),('sorl-thumbnail||image||aa3020bc6669331574e56f384acec500','{\"storage\": \"django.core.files.storage.FileSystemStorage\", \"name\": \"cache/0c/d1/0cd120f4b5d26f0bf5c6b5466a95f844.jpg\", \"size\": [95, 115]}'),('sorl-thumbnail||image||eb1c1f0a8d9ac0216c05a033cef13c3a','{\"storage\": \"django.core.files.storage.FileSystemStorage\", \"name\": \".jpeg_6\", \"size\": [609, 537]}'),('sorl-thumbnail||image||7b7123c975467ccf0b5ba7b92a8bdbf2','{\"storage\": \"django.core.files.storage.FileSystemStorage\", \"name\": \"cache/35/9b/359b19c742c4c0ff889295b04973dd33.jpg\", \"size\": [155, 185]}'),('sorl-thumbnail||thumbnails||eb1c1f0a8d9ac0216c05a033cef13c3a','[\"4998da839fa948a6d303f6b860ee524d\", \"7b7123c975467ccf0b5ba7b92a8bdbf2\", \"1270448cf5bd9831f277b789ca1f3c3d\"]'),('sorl-thumbnail||image||0f3f10e2519b1c9489e6652d7ada7e19','{\"storage\": \"django.core.files.storage.FileSystemStorage\", \"name\": \".jpeg_5\", \"size\": [386, 347]}'),('sorl-thumbnail||image||511deca974b300259413ce1ecb322677','{\"storage\": \"django.core.files.storage.FileSystemStorage\", \"name\": \"cache/02/2b/022b0cb6581c0a03558560190fe81f2c.jpg\", \"size\": [155, 185]}'),('sorl-thumbnail||thumbnails||0f3f10e2519b1c9489e6652d7ada7e19','[\"bd0e730006c25f3fe48da2719a67e7b7\", \"537dddc67a082aef59cae1110b3a7003\", \"511deca974b300259413ce1ecb322677\"]'),('sorl-thumbnail||image||377c9e3bdb1f6f48f0ade8e3a5de47b4','{\"storage\": \"django.core.files.storage.FileSystemStorage\", \"name\": \".jpeg_4\", \"size\": [604, 709]}'),('sorl-thumbnail||image||bc4944857b9f58dbf167ae8b755c159d','{\"storage\": \"django.core.files.storage.FileSystemStorage\", \"name\": \"cache/21/54/215415ed347276be9f26df28e50db136.jpg\", \"size\": [155, 185]}'),('sorl-thumbnail||thumbnails||377c9e3bdb1f6f48f0ade8e3a5de47b4','[\"d2453564cb7e2cbd5140b04c8d7869f9\", \"bc4944857b9f58dbf167ae8b755c159d\", \"346fe859df6895475180329f3d85fa0c\"]'),('sorl-thumbnail||image||65ee41e89173ddc6782adef9d1da0d04','{\"storage\": \"django.core.files.storage.FileSystemStorage\", \"name\": \"Bw.jpeg\", \"size\": [600, 428]}'),('sorl-thumbnail||image||d22622ba408afe16a4193e3a0d7ebd59','{\"storage\": \"django.core.files.storage.FileSystemStorage\", \"name\": \"cache/b0/07/b00710b41ddc437f4419bcf3e953d375.jpg\", \"size\": [155, 185]}'),('sorl-thumbnail||thumbnails||65ee41e89173ddc6782adef9d1da0d04','[\"e8686371359a4678a8ea694b76425324\", \"51c63c2b0b346fb8973e58dca52946b7\", \"d22622ba408afe16a4193e3a0d7ebd59\"]'),('sorl-thumbnail||image||4998da839fa948a6d303f6b860ee524d','{\"storage\": \"django.core.files.storage.FileSystemStorage\", \"name\": \"cache/7e/88/7e886dc478c19c6b76ed35c21c2befcb.jpg\", \"size\": [95, 115]}'),('sorl-thumbnail||image||537dddc67a082aef59cae1110b3a7003','{\"storage\": \"django.core.files.storage.FileSystemStorage\", \"name\": \"cache/ef/44/ef44e87c325fde1b46a19d98ec7fad32.jpg\", \"size\": [95, 115]}'),('sorl-thumbnail||image||346fe859df6895475180329f3d85fa0c','{\"storage\": \"django.core.files.storage.FileSystemStorage\", \"name\": \"cache/2a/07/2a070bb413225a82be9b58366362e94d.jpg\", \"size\": [95, 115]}'),('sorl-thumbnail||image||e8e5a3cb069de0e773c51b0c59f607a1','{\"storage\": \"django.core.files.storage.FileSystemStorage\", \"name\": \"cache/be/ce/bece3c085a5b67ec67d3ffa0e667c29b.jpg\", \"size\": [95, 115]}'),('sorl-thumbnail||image||134bb6876677fdf23fe9efe1e134c88b','{\"storage\": \"django.core.files.storage.FileSystemStorage\", \"name\": \".jpeg_7\", \"size\": [463, 262]}'),('sorl-thumbnail||image||9117f24160c22350a8c7f90f42f5a84a','{\"storage\": \"django.core.files.storage.FileSystemStorage\", \"name\": \"cache/69/1e/691e8f16eb6a7a89dbf7b21ecbaffa9a.jpg\", \"size\": [155, 185]}'),('sorl-thumbnail||thumbnails||134bb6876677fdf23fe9efe1e134c88b','[\"84703e4f5ed0222ed0c8e40cb6e6111e\", \"9117f24160c22350a8c7f90f42f5a84a\", \"a91fcb35ee73156b6d1a80f80b6b19f3\"]'),('sorl-thumbnail||image||d91d23354aba6da786e2c2b795198666','{\"storage\": \"django.core.files.storage.FileSystemStorage\", \"name\": \".jpeg_9\", \"size\": [622, 610]}'),('sorl-thumbnail||image||d281864c5524a48781f30e40e847bce3','{\"storage\": \"django.core.files.storage.FileSystemStorage\", \"name\": \"cache/d0/e2/d0e2f6182110f58d761923b62f3f7ef5.jpg\", \"size\": [155, 185]}'),('sorl-thumbnail||thumbnails||d91d23354aba6da786e2c2b795198666','[\"a2655e09363597348e12f684d021fe8e\", \"d281864c5524a48781f30e40e847bce3\", \"f169e0d738c0240f8d54ee8c41f0c0c6\"]'),('sorl-thumbnail||image||bf8d019c20c22e098438f18e8ddf93fd','{\"storage\": \"django.core.files.storage.FileSystemStorage\", \"name\": \".jpeg_8\", \"size\": [617, 609]}'),('sorl-thumbnail||image||f25e7b5b14087d8fd829e6c0ad585d80','{\"storage\": \"django.core.files.storage.FileSystemStorage\", \"name\": \"cache/8b/da/8bda7879d989aac2bab5a6b77e2eb255.jpg\", \"size\": [155, 185]}'),('sorl-thumbnail||thumbnails||bf8d019c20c22e098438f18e8ddf93fd','[\"f25e7b5b14087d8fd829e6c0ad585d80\", \"72e4576f1d1117e8b0662dd1b9127e44\", \"89e1947f6e69ffda4e9558932ad41ebc\"]'),('sorl-thumbnail||image||1181b5ca601513fb3340e4791253fc2f','{\"storage\": \"django.core.files.storage.FileSystemStorage\", \"name\": \".jpeg_10\", \"size\": [800, 492]}'),('sorl-thumbnail||image||71b16d08689fe28d596df33ec944d8e9','{\"storage\": \"django.core.files.storage.FileSystemStorage\", \"name\": \"cache/e7/92/e7922e72bbf6a2be36e3e1778ddcfd95.jpg\", \"size\": [155, 185]}'),('sorl-thumbnail||thumbnails||1181b5ca601513fb3340e4791253fc2f','[\"a25f827f1dbf0a40d14a70d1d0c41426\", \"36165dd0cbab94b69f76434447f1e49b\", \"71b16d08689fe28d596df33ec944d8e9\"]'),('sorl-thumbnail||image||e8686371359a4678a8ea694b76425324','{\"storage\": \"django.core.files.storage.FileSystemStorage\", \"name\": \"cache/c9/dd/c9dd4303c19507508a16b6f65811395f.jpg\", \"size\": [95, 115]}'),('sorl-thumbnail||image||a91fcb35ee73156b6d1a80f80b6b19f3','{\"storage\": \"django.core.files.storage.FileSystemStorage\", \"name\": \"cache/9d/33/9d33b6471228b5e20e6450155b371786.jpg\", \"size\": [95, 115]}'),('sorl-thumbnail||image||89e1947f6e69ffda4e9558932ad41ebc','{\"storage\": \"django.core.files.storage.FileSystemStorage\", \"name\": \"cache/21/b3/21b32dcd1278c91057b1dc60c8e29078.jpg\", \"size\": [95, 115]}'),('sorl-thumbnail||image||a2655e09363597348e12f684d021fe8e','{\"storage\": \"django.core.files.storage.FileSystemStorage\", \"name\": \"cache/f5/18/f51808ada0fdd81c10213dbe22a43dc6.jpg\", \"size\": [95, 115]}'),('sorl-thumbnail||image||36165dd0cbab94b69f76434447f1e49b','{\"storage\": \"django.core.files.storage.FileSystemStorage\", \"name\": \"cache/8c/b1/8cb1c6e616eb7939ffab0321ce213708.jpg\", \"size\": [95, 115]}'),('sorl-thumbnail||image||7ceb21dbf8d3c6496aa3fdd68fc48fb4','{\"storage\": \"django.core.files.storage.FileSystemStorage\", \"name\": \".png_1\", \"size\": [490, 657]}'),('sorl-thumbnail||image||92579d01701bd5edc4aa379df80e2811','{\"storage\": \"django.core.files.storage.FileSystemStorage\", \"name\": \"cache/86/47/8647bdcc3f4fc7859bd21cf562189ea2.jpg\", \"size\": [155, 185]}'),('sorl-thumbnail||thumbnails||7ceb21dbf8d3c6496aa3fdd68fc48fb4','[\"92579d01701bd5edc4aa379df80e2811\", \"7a6bd5d0e4a9f0667e11a773fe13d063\", \"d533408c4181141829b3f316d0d114e2\"]'),('sorl-thumbnail||image||e896b5eaaf3965507615656c182a8209','{\"storage\": \"django.core.files.storage.FileSystemStorage\", \"name\": \".jpeg_11\", \"size\": [314, 385]}'),('sorl-thumbnail||image||2f6ae1206e23e1449d40d85f9200ae5b','{\"storage\": \"django.core.files.storage.FileSystemStorage\", \"name\": \"cache/2e/9d/2e9d3543873157facc5dfc646fa36338.jpg\", \"size\": [155, 185]}'),('sorl-thumbnail||thumbnails||e896b5eaaf3965507615656c182a8209','[\"1b6f4065a74f7a1e257e6eceb5934208\", \"4559aeb22a46c356d0b6e1e5eeaeddd4\", \"2f6ae1206e23e1449d40d85f9200ae5b\"]'),('sorl-thumbnail||image||7a6bd5d0e4a9f0667e11a773fe13d063','{\"storage\": \"django.core.files.storage.FileSystemStorage\", \"name\": \"cache/a6/0d/a60d090b71fe8015d995c18563c52b35.jpg\", \"size\": [95, 115]}'),('sorl-thumbnail||image||bbefdcaa93c9ea86eb35159d43b2d95f','{\"storage\": \"django.core.files.storage.FileSystemStorage\", \"name\": \".jpeg_12\", \"size\": [1650, 1027]}'),('sorl-thumbnail||image||28a22a5c984cfcb0e857202334bce6a5','{\"storage\": \"django.core.files.storage.FileSystemStorage\", \"name\": \"cache/7c/3a/7c3a0db3c08e43b5c73a42d5d3cb8356.jpg\", \"size\": [155, 185]}'),('sorl-thumbnail||thumbnails||bbefdcaa93c9ea86eb35159d43b2d95f','[\"28a22a5c984cfcb0e857202334bce6a5\", \"e0a94eafcc8286ead9fd2a5420ee44f8\", \"c1c33b4130e9c13e57f93c8fa4610fe7\"]'),('sorl-thumbnail||image||4559aeb22a46c356d0b6e1e5eeaeddd4','{\"storage\": \"django.core.files.storage.FileSystemStorage\", \"name\": \"cache/be/18/be187ac1ec76e1e92f5c3d1b57268b6f.jpg\", \"size\": [95, 115]}'),('sorl-thumbnail||image||40c21d5d2e13b49e84ebdbafff6c7b80','{\"storage\": \"django.core.files.storage.FileSystemStorage\", \"name\": \"CF.jpeg\", \"size\": [615, 615]}'),('sorl-thumbnail||image||5a3e66bc0c2fec11f1962ecbc7ae9f4e','{\"storage\": \"django.core.files.storage.FileSystemStorage\", \"name\": \"cache/0b/cb/0bcbd62bf4da27496399e8a7bd6652ac.jpg\", \"size\": [155, 185]}'),('sorl-thumbnail||thumbnails||40c21d5d2e13b49e84ebdbafff6c7b80','[\"0ebe2116708ba400d0a5204976069274\", \"fc8cdd5d49558b49093ff860cce80d27\", \"5a3e66bc0c2fec11f1962ecbc7ae9f4e\"]'),('sorl-thumbnail||image||e0a94eafcc8286ead9fd2a5420ee44f8','{\"storage\": \"django.core.files.storage.FileSystemStorage\", \"name\": \"cache/74/ca/74cafbbaca7524d627d1647eb24236e5.jpg\", \"size\": [95, 115]}'),('sorl-thumbnail||image||fc8cdd5d49558b49093ff860cce80d27','{\"storage\": \"django.core.files.storage.FileSystemStorage\", \"name\": \"cache/ee/cf/eecf6078e7fdeb3366e488bebeb37bd2.jpg\", \"size\": [155, 165]}'),('sorl-thumbnail||image||c1c33b4130e9c13e57f93c8fa4610fe7','{\"storage\": \"django.core.files.storage.FileSystemStorage\", \"name\": \"cache/c2/6e/c26eece2ec5461f5bf4e67b4e1f73aae.jpg\", \"size\": [155, 165]}'),('sorl-thumbnail||image||1b6f4065a74f7a1e257e6eceb5934208','{\"storage\": \"django.core.files.storage.FileSystemStorage\", \"name\": \"cache/6c/a2/6ca2b6e40cd6426adf49b05169e8070f.jpg\", \"size\": [155, 165]}'),('sorl-thumbnail||image||d533408c4181141829b3f316d0d114e2','{\"storage\": \"django.core.files.storage.FileSystemStorage\", \"name\": \"cache/19/a4/19a433087255fd8b609ceb8502987cdc.jpg\", \"size\": [155, 165]}'),('sorl-thumbnail||image||18166597d1c605e492dd2bce6e52af52','{\"storage\": \"django.core.files.storage.FileSystemStorage\", \"name\": \"cache/98/ab/98ab2f0d8c97305824d0ce4273661598.jpg\", \"size\": [155, 165]}'),('sorl-thumbnail||image||d2453564cb7e2cbd5140b04c8d7869f9','{\"storage\": \"django.core.files.storage.FileSystemStorage\", \"name\": \"cache/29/d4/29d4e951e233c11641e0980074bfb309.jpg\", \"size\": [155, 165]}'),('sorl-thumbnail||image||bd0e730006c25f3fe48da2719a67e7b7','{\"storage\": \"django.core.files.storage.FileSystemStorage\", \"name\": \"cache/ff/bd/ffbd281de060ca36f83a544462aacb66.jpg\", \"size\": [155, 165]}'),('sorl-thumbnail||image||51c63c2b0b346fb8973e58dca52946b7','{\"storage\": \"django.core.files.storage.FileSystemStorage\", \"name\": \"cache/36/d8/36d805be98dd98b57e4f68d510fed3ca.jpg\", \"size\": [155, 165]}'),('sorl-thumbnail||image||1270448cf5bd9831f277b789ca1f3c3d','{\"storage\": \"django.core.files.storage.FileSystemStorage\", \"name\": \"cache/19/a1/19a15c6d0eda3ffc6898783418967bf9.jpg\", \"size\": [155, 165]}'),('sorl-thumbnail||image||84703e4f5ed0222ed0c8e40cb6e6111e','{\"storage\": \"django.core.files.storage.FileSystemStorage\", \"name\": \"cache/dd/6a/dd6a0b9f5bf79d19e3c88620f2082b47.jpg\", \"size\": [155, 165]}'),('sorl-thumbnail||image||72e4576f1d1117e8b0662dd1b9127e44','{\"storage\": \"django.core.files.storage.FileSystemStorage\", \"name\": \"cache/51/43/5143d021cbc2edbb8d03be37948807a1.jpg\", \"size\": [155, 165]}'),('sorl-thumbnail||image||f169e0d738c0240f8d54ee8c41f0c0c6','{\"storage\": \"django.core.files.storage.FileSystemStorage\", \"name\": \"cache/9f/29/9f2917594f46fd23216917c11ef3cf69.jpg\", \"size\": [155, 165]}'),('sorl-thumbnail||image||a25f827f1dbf0a40d14a70d1d0c41426','{\"storage\": \"django.core.files.storage.FileSystemStorage\", \"name\": \"cache/b2/b0/b2b00459c46edbc9fdab5757b4c32d1b.jpg\", \"size\": [155, 165]}'),('sorl-thumbnail||image||0fc41fec7c226875cef32ffd7be2d938','{\"storage\": \"django.core.files.storage.FileSystemStorage\", \"name\": \"cache/6f/47/6f4760f0bcef0756efb1d34924f7d76d.jpg\", \"size\": [155, 165]}'),('sorl-thumbnail||image||698b3221756967ee0121ed3a972a45e0','{\"storage\": \"django.core.files.storage.FileSystemStorage\", \"name\": \"cache/2b/3a/2b3abafe3b2b70792872804f14aeb246.jpg\", \"size\": [155, 165]}'),('sorl-thumbnail||image||2f6c6c73608f1a038491262fc8cccd7a','{\"storage\": \"django.core.files.storage.FileSystemStorage\", \"name\": \"cache/27/61/27619648c65760caf0bd5ea7d2b3addd.jpg\", \"size\": [155, 165]}'),('sorl-thumbnail||image||57b1c25bff1c60d6c328cb5347e8d444','{\"storage\": \"django.core.files.storage.FileSystemStorage\", \"name\": \"cache/94/24/942424919d8614dae873d14712d7b062.jpg\", \"size\": [155, 165]}'),('sorl-thumbnail||image||fce0ec1076221faceb6491cf0892813f','{\"storage\": \"django.core.files.storage.FileSystemStorage\", \"name\": \"cache/17/a6/17a6c8a0f43e58e81165b76a9ef4f88a.jpg\", \"size\": [155, 165]}'),('sorl-thumbnail||image||5797eea20bcbc9f8b427a174d0faa8ab','{\"storage\": \"django.core.files.storage.FileSystemStorage\", \"name\": \"cache/7c/21/7c215c2b60dec4aab62fdf4eaa820e95.jpg\", \"size\": [155, 165]}'),('sorl-thumbnail||image||02bf2fa4652c0c49198a960a8263db21','{\"storage\": \"django.core.files.storage.FileSystemStorage\", \"name\": \"cache/89/26/89262fada8732529b4eec25d79da1bb3.jpg\", \"size\": [155, 165]}'),('sorl-thumbnail||image||88213a7e7e848ed5f071af3d788062e9','{\"storage\": \"django.core.files.storage.FileSystemStorage\", \"name\": \"cache/56/0e/560ec3924011fded523b17f404f5fde5.jpg\", \"size\": [155, 165]}'),('sorl-thumbnail||image||cea726a7a8abbad8c82af419fa2e3a5c','{\"storage\": \"django.core.files.storage.FileSystemStorage\", \"name\": \"cache/74/ae/74ae502047ef770fd282ae913a25c036.jpg\", \"size\": [155, 165]}'),('sorl-thumbnail||image||2c7a70a1ddd91d10ab0296ece193fe05','{\"storage\": \"django.core.files.storage.FileSystemStorage\", \"name\": \"cache/c3/90/c390b078936faeae7402e6e8653bb375.jpg\", \"size\": [155, 165]}'),('sorl-thumbnail||image||3914149fdcdd4436ab8f560b7bd61238','{\"storage\": \"django.core.files.storage.FileSystemStorage\", \"name\": \"cache/cd/9b/cd9b64edebca7a49baeb9bb37f8d6771.jpg\", \"size\": [155, 165]}'),('sorl-thumbnail||image||cd6cafbfe5eb2659a3092c0b152c629e','{\"storage\": \"django.core.files.storage.FileSystemStorage\", \"name\": \"cache/61/a4/61a4243a726660333c18d176919a44f5.jpg\", \"size\": [155, 165]}'),('sorl-thumbnail||image||979bbdc1912bcd1c2c4b9974b14732d8','{\"storage\": \"django.core.files.storage.FileSystemStorage\", \"name\": \"cache/8d/ed/8deda90ab573913db47e447322fb4507.jpg\", \"size\": [155, 165]}'),('sorl-thumbnail||image||9f85027b8a423f1236471c94c1b55d55','{\"storage\": \"django.core.files.storage.FileSystemStorage\", \"name\": \"cache/4d/8c/4d8c1c558a5497f11866db9f86388f16.jpg\", \"size\": [155, 165]}'),('sorl-thumbnail||image||4d69129b23e1cba9d0258ba56e5c71fd','{\"storage\": \"django.core.files.storage.FileSystemStorage\", \"name\": \"cache/aa/63/aa634830b61caeacf150a1b7c37ace68.jpg\", \"size\": [155, 165]}'),('sorl-thumbnail||image||89dd039c41506cbca78a5980223f97cf','{\"storage\": \"django.core.files.storage.FileSystemStorage\", \"name\": \"cache/a4/e6/a4e68f18dfbd85a390add9b2e10d160a.jpg\", \"size\": [155, 165]}'),('sorl-thumbnail||image||c09155f7d0fe45431bf052dbc47a3921','{\"storage\": \"django.core.files.storage.FileSystemStorage\", \"name\": \"cache/0c/b2/0cb2b84c0cc304107a3837b0dc002415.jpg\", \"size\": [155, 165]}'),('sorl-thumbnail||image||9a933b0d4e3289995154125fbe225a1d','{\"storage\": \"django.core.files.storage.FileSystemStorage\", \"name\": \"cache/16/63/166370836b0d1f94b452888e537fb02c.jpg\", \"size\": [155, 165]}'),('sorl-thumbnail||image||44e0e1ff148822c69f124dd0d15f259f','{\"storage\": \"django.core.files.storage.FileSystemStorage\", \"name\": \"cache/db/95/db95a69451e0ac58e2a442463a31aa17.jpg\", \"size\": [155, 165]}'),('sorl-thumbnail||image||595ee5e41aaccf6dbac1ad3cc94a30ec','{\"storage\": \"django.core.files.storage.FileSystemStorage\", \"name\": \"cache/05/ce/05ce8a4834c0837ab838a204a1661ba5.jpg\", \"size\": [155, 165]}'),('sorl-thumbnail||image||1e21501dca76fbda4b0bc3d9135e31ec','{\"storage\": \"django.core.files.storage.FileSystemStorage\", \"name\": \"cache/86/9e/869eda25c517947192d71caed5d0b75f.jpg\", \"size\": [155, 165]}'),('sorl-thumbnail||image||1df6a423fdf6a5ea5ac34823adf31c64','{\"storage\": \"django.core.files.storage.FileSystemStorage\", \"name\": \"cache/cc/b1/ccb1edb40ac18d35f3e76f94407bccf8.jpg\", \"size\": [155, 165]}'),('sorl-thumbnail||image||db79b40407ecc3dda122dd7b17cbe6e9','{\"storage\": \"django.core.files.storage.FileSystemStorage\", \"name\": \"cache/ed/56/ed56c1c3a10282ae81adf0b70d48ee1c.jpg\", \"size\": [155, 165]}'),('sorl-thumbnail||image||2db0053b5baf946537ba233d117ae8f9','{\"storage\": \"django.core.files.storage.FileSystemStorage\", \"name\": \"cache/82/17/821785c2028296d6f341fae7342e9483.jpg\", \"size\": [155, 165]}'),('sorl-thumbnail||image||95aae13073509274fdd7866058bf768b','{\"storage\": \"django.core.files.storage.FileSystemStorage\", \"name\": \"cache/29/3b/293b81b14f8659c514848c2ff8ca71ef.jpg\", \"size\": [155, 165]}'),('sorl-thumbnail||image||a95a3ef5c02177e45009780a338097cc','{\"storage\": \"django.core.files.storage.FileSystemStorage\", \"name\": \"cache/09/98/0998a2830738661dfc0a65f014787021.jpg\", \"size\": [155, 165]}'),('sorl-thumbnail||image||4efae913bb99ca8bed535d7516cb02cc','{\"storage\": \"django.core.files.storage.FileSystemStorage\", \"name\": \"cache/2a/5e/2a5e9f544b47368978542684affa95b3.jpg\", \"size\": [155, 165]}'),('sorl-thumbnail||image||27813172377a8bbc1af3c12abf1b9727','{\"storage\": \"django.core.files.storage.FileSystemStorage\", \"name\": \"cache/07/e4/07e48a6dd39e416e067f2cab487391a3.jpg\", \"size\": [155, 165]}'),('sorl-thumbnail||image||c1fec38cec42903cbf8c42990117dd64','{\"storage\": \"django.core.files.storage.FileSystemStorage\", \"name\": \"cache/ce/c3/cec3b0a70ea901e664a8eaa9a9443bc6.jpg\", \"size\": [155, 165]}'),('sorl-thumbnail||image||7ffb23257b949be7f358dd90abc218f1','{\"storage\": \"django.core.files.storage.FileSystemStorage\", \"name\": \"cache/97/25/9725c65c4794885fb3b84ec84f2191e3.jpg\", \"size\": [155, 165]}'),('sorl-thumbnail||image||c09673d15a8e78951fbdb8f92895e1b9','{\"storage\": \"django.core.files.storage.FileSystemStorage\", \"name\": \"cache/c8/5f/c85fc9831bb97a034062f523b2863291.jpg\", \"size\": [155, 165]}'),('sorl-thumbnail||image||351a048f3f8f384c5d4d431667e7b9d5','{\"storage\": \"django.core.files.storage.FileSystemStorage\", \"name\": \"cache/61/e1/61e1dca4fc6e40fb28794f23be4ab117.jpg\", \"size\": [155, 165]}'),('sorl-thumbnail||image||42aca9505033560812869e5e47ca06f9','{\"storage\": \"django.core.files.storage.FileSystemStorage\", \"name\": \"cache/a6/ec/a6ece65f795d79c81305de89ce539b1f.jpg\", \"size\": [155, 165]}'),('sorl-thumbnail||image||c627273fc878bd544ad36a56b2cfa7aa','{\"storage\": \"django.core.files.storage.FileSystemStorage\", \"name\": \"cache/b7/57/b7578428ae1fb1b4e185a1762db40a90.jpg\", \"size\": [155, 165]}'),('sorl-thumbnail||image||d8371d75001ac58dd70cd5e59ed71e7a','{\"storage\": \"django.core.files.storage.FileSystemStorage\", \"name\": \"cache/d4/39/d439f94446dc47453200eb37105d26af.jpg\", \"size\": [155, 165]}'),('sorl-thumbnail||image||bb623b7d34155e347bdb427cbe8f5057','{\"storage\": \"django.core.files.storage.FileSystemStorage\", \"name\": \"cache/23/fa/23fa4e0fdaa949d2c0001ab1b0ce01f0.jpg\", \"size\": [155, 165]}'),('sorl-thumbnail||image||92c70f90dfec55bc0274c1e3022d7047','{\"storage\": \"django.core.files.storage.FileSystemStorage\", \"name\": \"cache/05/2c/052c6372faa17ee2aa28116d8d1f0b4a.jpg\", \"size\": [155, 165]}'),('sorl-thumbnail||image||5474fbfcb61b1c6f71d7682790e72bbf','{\"storage\": \"django.core.files.storage.FileSystemStorage\", \"name\": \"cache/af/74/af749e3395e14a9dc4f82d3466f66eb4.jpg\", \"size\": [155, 165]}'),('sorl-thumbnail||image||6ba1e085993cb6dcab23f2bf01e5b62a','{\"storage\": \"django.core.files.storage.FileSystemStorage\", \"name\": \"cache/e4/f9/e4f95f4b53b006a0dd60a81233f9cb44.jpg\", \"size\": [155, 165]}'),('sorl-thumbnail||image||d6a0a4c7deeb8e3a0d3db29fb2f30db3','{\"storage\": \"django.core.files.storage.FileSystemStorage\", \"name\": \"cache/25/1a/251ae35a7eedcba53f0bac67ddf38740.jpg\", \"size\": [155, 165]}'),('sorl-thumbnail||image||e5b3b0160f2ac9a3842dcbca5cf4e851','{\"storage\": \"django.core.files.storage.FileSystemStorage\", \"name\": \"cache/58/de/58de2292e3dff1292d544d1e6b78ae13.jpg\", \"size\": [155, 165]}'),('sorl-thumbnail||image||39716805d379429dc7eb12ff527c5aad','{\"storage\": \"django.core.files.storage.FileSystemStorage\", \"name\": \"cache/4c/d7/4cd7bf606fd156161936f4eabda7abe1.jpg\", \"size\": [155, 165]}'),('sorl-thumbnail||image||034569fc45ad5ef90270b4ed9f2fb244','{\"storage\": \"django.core.files.storage.FileSystemStorage\", \"name\": \"cache/7c/09/7c09f62e38c368488dc225f1360d146d.jpg\", \"size\": [155, 165]}'),('sorl-thumbnail||image||faa236d4bea4e7092e70f5bb63f419ee','{\"storage\": \"django.core.files.storage.FileSystemStorage\", \"name\": \"cache/74/ac/74ac32e941a21683b664fd983a8233c1.jpg\", \"size\": [155, 165]}'),('sorl-thumbnail||image||919d46c3eef228524047e64f7712b722','{\"storage\": \"django.core.files.storage.FileSystemStorage\", \"name\": \"cache/eb/f9/ebf9c978fa07e8f4ab8ae416bed9c936.jpg\", \"size\": [155, 165]}'),('sorl-thumbnail||image||4ef362e58298de67581676cc8ca86676','{\"storage\": \"django.core.files.storage.FileSystemStorage\", \"name\": \"cache/fb/f5/fbf570f5138dbfcdc7082eef13d580ce.jpg\", \"size\": [155, 165]}'),('sorl-thumbnail||image||315aca24c09c94ca0fe9e5052a35977d','{\"storage\": \"django.core.files.storage.FileSystemStorage\", \"name\": \"cache/03/02/0302257bf00141071aca4526019ec782.jpg\", \"size\": [155, 165]}'),('sorl-thumbnail||image||e6d3366e3f48feeee498a049d96e1b87','{\"storage\": \"django.core.files.storage.FileSystemStorage\", \"name\": \"cache/2a/5e/2a5ef0a04720dc36afbfb4dc011c39e9.jpg\", \"size\": [155, 165]}'),('sorl-thumbnail||image||06fbcd7174b46bd1c940607500a142e0','{\"storage\": \"django.core.files.storage.FileSystemStorage\", \"name\": \"cache/82/6d/826d5143846153e9df12eab4ce72f770.jpg\", \"size\": [155, 165]}'),('sorl-thumbnail||image||b605975bed4b41398bd102c8d87fee9a','{\"storage\": \"django.core.files.storage.FileSystemStorage\", \"name\": \"cache/19/9d/199dea174c3fa27713343e0405d2508a.jpg\", \"size\": [155, 165]}'),('sorl-thumbnail||image||9bd02ca8426b2a515b73de8a54f8ccf8','{\"storage\": \"django.core.files.storage.FileSystemStorage\", \"name\": \"cache/e8/d9/e8d9312c3f1281824e421ee35352286e.jpg\", \"size\": [155, 165]}'),('sorl-thumbnail||image||8ca4eb52cbdbf5912b6827ce18045983','{\"storage\": \"django.core.files.storage.FileSystemStorage\", \"name\": \"cache/52/35/52357790f62bf43fd8083533f165fce5.jpg\", \"size\": [155, 165]}'),('sorl-thumbnail||image||c587f95afcfbd327f03ec739bf960462','{\"storage\": \"django.core.files.storage.FileSystemStorage\", \"name\": \"cache/12/53/1253b8fb9e189fcdd6dccdaadd55aa39.jpg\", \"size\": [155, 165]}'),('sorl-thumbnail||image||7196e3e8550f726a288e63ef1be87502','{\"storage\": \"django.core.files.storage.FileSystemStorage\", \"name\": \"cache/62/ec/62ec6c4db4c9e011b67a3c692f3b5876.jpg\", \"size\": [155, 165]}'),('sorl-thumbnail||image||3cda3d8c9a260f2170cc7ab88f90f547','{\"storage\": \"django.core.files.storage.FileSystemStorage\", \"name\": \"cache/c4/3c/c43c2957fc4a97274272184cb442b965.jpg\", \"size\": [155, 165]}'),('sorl-thumbnail||image||2871e8d60e4cb7267b3145028caf25ce','{\"storage\": \"django.core.files.storage.FileSystemStorage\", \"name\": \"cache/11/b8/11b83e554c82b353ef86ff91b5bc295c.jpg\", \"size\": [155, 165]}'),('sorl-thumbnail||image||f5ee2d2a339e002e624b7520565a9b36','{\"storage\": \"django.core.files.storage.FileSystemStorage\", \"name\": \"cache/1f/89/1f893c0c5ce5e0a408dd226dc2b4a428.jpg\", \"size\": [155, 165]}'),('sorl-thumbnail||image||ae8bb64fcb923eac4fd5a7f881caaf72','{\"storage\": \"django.core.files.storage.FileSystemStorage\", \"name\": \"cache/68/3a/683ada05385bb532ec2c9bcce7613c5b.jpg\", \"size\": [155, 165]}'),('sorl-thumbnail||image||d50e3c08dea2ff0c2541b2f3e27ace35','{\"storage\": \"django.core.files.storage.FileSystemStorage\", \"name\": \"cache/7e/50/7e503575dbeaaab1d6a07ec944f994df.jpg\", \"size\": [155, 165]}'),('sorl-thumbnail||image||0605687060a55450b2ba0f3c641ff26a','{\"storage\": \"django.core.files.storage.FileSystemStorage\", \"name\": \"cache/a0/36/a03685f61be38e9b3debba087eaf6d06.jpg\", \"size\": [155, 165]}'),('sorl-thumbnail||image||47d48c4bbe93cb6e65f196727876efe9','{\"storage\": \"django.core.files.storage.FileSystemStorage\", \"name\": \"cache/fb/8b/fb8b24462f945ebe894f4cb2fbef9e70.jpg\", \"size\": [155, 165]}'),('sorl-thumbnail||image||76f2c9b29d8c6d695608f53aa199af5f','{\"storage\": \"django.core.files.storage.FileSystemStorage\", \"name\": \"cache/99/df/99dfdd06abcda9a0a25ff81996575efe.jpg\", \"size\": [155, 165]}'),('sorl-thumbnail||image||d8d66241a443ac79fb668d5633b90118','{\"storage\": \"django.core.files.storage.FileSystemStorage\", \"name\": \"cache/43/d4/43d4c1b178037e855a7994e2eac8a876.jpg\", \"size\": [155, 165]}'),('sorl-thumbnail||image||42085d16f0547e5b7af70e3cbd3ff80c','{\"storage\": \"django.core.files.storage.FileSystemStorage\", \"name\": \"cache/13/9e/139ee52ad79496c7d959ae2454baa03d.jpg\", \"size\": [155, 165]}'),('sorl-thumbnail||image||1869eecfce9947f56b7f8f08fceaacb1','{\"storage\": \"django.core.files.storage.FileSystemStorage\", \"name\": \"cache/ab/dc/abdc93d91170f4c4f4512b7f20a24afc.jpg\", \"size\": [155, 165]}'),('sorl-thumbnail||image||dd5f38a9245b940958822266dc26e058','{\"storage\": \"django.core.files.storage.FileSystemStorage\", \"name\": \"cache/4a/a6/4aa697f50ed1ce423fe67d32c7a9a177.jpg\", \"size\": [155, 165]}'),('sorl-thumbnail||image||b6eb05df4efa7352df5a33ca7c2af1b6','{\"storage\": \"django.core.files.storage.FileSystemStorage\", \"name\": \"cache/8a/ad/8aad8c4de5495e23117d84d4d26db954.jpg\", \"size\": [155, 165]}'),('sorl-thumbnail||image||6f54f7a2c679e92a85d9b7ecf70f38f6','{\"storage\": \"django.core.files.storage.FileSystemStorage\", \"name\": \"cache/5b/1f/5b1f3d426f4ee86c075389ecdedefc60.jpg\", \"size\": [155, 165]}'),('sorl-thumbnail||image||abe74aeb3c576de124ad93e4f16cf466','{\"storage\": \"django.core.files.storage.FileSystemStorage\", \"name\": \"cache/9a/18/9a18cdc081224cddfe37824924e3d16a.jpg\", \"size\": [155, 165]}'),('sorl-thumbnail||image||2de87a7833bfce75d1ce23e4bbf0569d','{\"storage\": \"django.core.files.storage.FileSystemStorage\", \"name\": \"cache/0f/be/0fbe909d7a3b5fe8c99d812a068d4202.jpg\", \"size\": [155, 165]}'),('sorl-thumbnail||image||0a9243a4fb01e761fb324cd3c96e7953','{\"storage\": \"django.core.files.storage.FileSystemStorage\", \"name\": \"cache/65/e1/65e1dc1cf55f58afdf0ceab4127c71c1.jpg\", \"size\": [155, 165]}'),('sorl-thumbnail||image||6586a51e29921c37969b922950c33b4f','{\"storage\": \"django.core.files.storage.FileSystemStorage\", \"name\": \"cache/a5/5d/a55d1b9a59a63774f5a4a833bb8e59f6.jpg\", \"size\": [155, 165]}'),('sorl-thumbnail||image||d0b75cc1d7784e5a7febe5517a9192d2','{\"storage\": \"django.core.files.storage.FileSystemStorage\", \"name\": \"cache/1a/74/1a749c9555b38dc5adda812ffa6db2cb.jpg\", \"size\": [155, 165]}'),('sorl-thumbnail||image||2c4913ad7e3859a79ab6d2dd5b13ad09','{\"storage\": \"django.core.files.storage.FileSystemStorage\", \"name\": \"cache/4d/0b/4d0bfb1db86428b0a22f244b32124b18.jpg\", \"size\": [155, 165]}'),('sorl-thumbnail||image||6ca50cab655adcecf8f611141952879c','{\"storage\": \"django.core.files.storage.FileSystemStorage\", \"name\": \"cache/93/7a/937a4cfd79bf476eb5e40f68d650fb42.jpg\", \"size\": [155, 165]}'),('sorl-thumbnail||image||4c97036ec020b728c827e3876b3b23c7','{\"storage\": \"django.core.files.storage.FileSystemStorage\", \"name\": \"cache/8c/00/8c00d0f66edce7db047a5b4c736e933d.jpg\", \"size\": [155, 165]}'),('sorl-thumbnail||image||b6eb708ee135a10ae0a68d5ba7e65be2','{\"storage\": \"django.core.files.storage.FileSystemStorage\", \"name\": \"cache/27/c9/27c9d16a2b5f4dfd8c1fffc134070138.jpg\", \"size\": [155, 165]}'),('sorl-thumbnail||image||cdf96c32863d30b4159fd281eeccbac7','{\"storage\": \"django.core.files.storage.FileSystemStorage\", \"name\": \"cache/17/91/17910b6ed73455f4ba5cd0a6be8f56a8.jpg\", \"size\": [155, 165]}'),('sorl-thumbnail||image||cab2a6aeeea271f4dbc31fa3cf167700','{\"storage\": \"django.core.files.storage.FileSystemStorage\", \"name\": \"cache/e8/c6/e8c677a12290a3e486214eb14fdb813b.jpg\", \"size\": [155, 165]}'),('sorl-thumbnail||image||5637b6501fe1062bec0496098816c5e0','{\"storage\": \"django.core.files.storage.FileSystemStorage\", \"name\": \"cache/2b/18/2b1880c0fc25d3b2bfdfc82ae30a1720.jpg\", \"size\": [155, 165]}'),('sorl-thumbnail||image||b4466bf4742812b00bba47d348789fcd','{\"storage\": \"django.core.files.storage.FileSystemStorage\", \"name\": \"cache/ea/2a/ea2a3f941b7dd72bff75ec8ad17349ae.jpg\", \"size\": [155, 165]}'),('sorl-thumbnail||image||d8dd28c0cf4fb45050d2c7fd8c092f69','{\"storage\": \"django.core.files.storage.FileSystemStorage\", \"name\": \"cache/c7/7b/c77b2c67221877b8a2167e2d9b88c7d7.jpg\", \"size\": [155, 165]}'),('sorl-thumbnail||image||96e1bcb00bd0af6e1dbb43dd6026f1af','{\"storage\": \"django.core.files.storage.FileSystemStorage\", \"name\": \"cache/d4/60/d46064b5d4dcfa8f3ad74a373969846b.jpg\", \"size\": [155, 165]}'),('sorl-thumbnail||image||9eab326df25ceace5d60543461330e7d','{\"storage\": \"django.core.files.storage.FileSystemStorage\", \"name\": \"cache/32/f6/32f6b0c40a68de249e627a57854ffa05.jpg\", \"size\": [155, 165]}'),('sorl-thumbnail||image||f50b444c012967adb1a44cbb4532634c','{\"storage\": \"django.core.files.storage.FileSystemStorage\", \"name\": \"cache/8a/9a/8a9a98ace6b5cdcd4eca2a88f6ab36d2.jpg\", \"size\": [155, 165]}'),('sorl-thumbnail||image||1eb1321bc2df9ef0f0ff75a1c16668e5','{\"storage\": \"django.core.files.storage.FileSystemStorage\", \"name\": \".png_2\", \"size\": [536, 184]}'),('sorl-thumbnail||image||34c729afe7d74e264af75eaac6afad9d','{\"storage\": \"django.core.files.storage.FileSystemStorage\", \"name\": \"cache/e2/a9/e2a9a2eab5aa6fc1e628cc0a227babe9.jpg\", \"size\": [155, 185]}'),('sorl-thumbnail||thumbnails||1eb1321bc2df9ef0f0ff75a1c16668e5','[\"7e8995a38c9f1857e4f3bda40757a044\", \"34c729afe7d74e264af75eaac6afad9d\"]'),('sorl-thumbnail||image||0ebe2116708ba400d0a5204976069274','{\"storage\": \"django.core.files.storage.FileSystemStorage\", \"name\": \"cache/4e/48/4e4822899038dc7a4869fc36427d028c.jpg\", \"size\": [95, 115]}'),('sorl-thumbnail||image||8dd6baa246a8fc8db0e5ff80b7ec4594','{\"storage\": \"django.core.files.storage.FileSystemStorage\", \"name\": \".jpg\", \"size\": [800, 600]}'),('sorl-thumbnail||image||96a9bbd242a7336a13a5763f10cbbf6a','{\"storage\": \"django.core.files.storage.FileSystemStorage\", \"name\": \"cache/5b/77/5b77788a5c5a17d2e1d27d69d6e1d466.jpg\", \"size\": [155, 185]}'),('sorl-thumbnail||thumbnails||8dd6baa246a8fc8db0e5ff80b7ec4594','[\"6c4d9c1da173e9e80a34e96944e46e9a\", \"96a9bbd242a7336a13a5763f10cbbf6a\"]'),('sorl-thumbnail||image||7e8995a38c9f1857e4f3bda40757a044','{\"storage\": \"django.core.files.storage.FileSystemStorage\", \"name\": \"cache/32/d9/32d936e9dd02685bb1f3929c33dea45c.jpg\", \"size\": [95, 115]}'),('sorl-thumbnail||image||6d94c9e74d8c14c13a34210bc68b2038','{\"storage\": \"django.core.files.storage.FileSystemStorage\", \"name\": \".jpeg_13\", \"size\": [447, 336]}'),('sorl-thumbnail||image||5d6df90068bfe91d348ac0be0e3ae503','{\"storage\": \"django.core.files.storage.FileSystemStorage\", \"name\": \"cache/9f/4d/9f4d034bc3188883c9141cd6e8054ea0.jpg\", \"size\": [155, 185]}'),('sorl-thumbnail||thumbnails||6d94c9e74d8c14c13a34210bc68b2038','[\"ab9e6d8cfdaa632a592ce56641fa10f2\", \"5d6df90068bfe91d348ac0be0e3ae503\"]'),('sorl-thumbnail||image||6c4d9c1da173e9e80a34e96944e46e9a','{\"storage\": \"django.core.files.storage.FileSystemStorage\", \"name\": \"cache/fc/69/fc69d3dd6732b6458ebe614910ee109a.jpg\", \"size\": [95, 115]}'),('sorl-thumbnail||image||ee679e3787f67ba9cf1c161e2232b91a','{\"storage\": \"django.core.files.storage.FileSystemStorage\", \"name\": \".jpeg_17\", \"size\": [714, 615]}'),('sorl-thumbnail||image||ae49d68580616c63511df6cf99d9ee1d','{\"storage\": \"django.core.files.storage.FileSystemStorage\", \"name\": \"cache/16/28/1628515543307c66bdbe1517136eacf3.jpg\", \"size\": [155, 185]}'),('sorl-thumbnail||thumbnails||ee679e3787f67ba9cf1c161e2232b91a','[\"ae49d68580616c63511df6cf99d9ee1d\", \"28bf06ab4551dd0391c3a606123ed1db\"]'),('sorl-thumbnail||image||cb1d5fc6ab5b4fc99275021d1ab93730','{\"storage\": \"django.core.files.storage.FileSystemStorage\", \"name\": \".jpeg_16\", \"size\": [600, 428]}'),('sorl-thumbnail||image||aad8dd25c6ae9cea5f814371a8c5ec88','{\"storage\": \"django.core.files.storage.FileSystemStorage\", \"name\": \"cache/3e/63/3e630439841d4737f4593a3555a0e35d.jpg\", \"size\": [155, 185]}'),('sorl-thumbnail||thumbnails||cb1d5fc6ab5b4fc99275021d1ab93730','[\"6bbad02ebe5de6604c383e60bf26137e\", \"aad8dd25c6ae9cea5f814371a8c5ec88\"]'),('sorl-thumbnail||image||781d3beaa0e2c0163efa4cea84e54cc4','{\"storage\": \"django.core.files.storage.FileSystemStorage\", \"name\": \".jpeg_15\", \"size\": [615, 615]}'),('sorl-thumbnail||image||a5cd4004a928d949eaa4a351e551550a','{\"storage\": \"django.core.files.storage.FileSystemStorage\", \"name\": \"cache/79/9f/799f4625b39ff14c8fe4e14a3a3836e6.jpg\", \"size\": [155, 185]}'),('sorl-thumbnail||thumbnails||781d3beaa0e2c0163efa4cea84e54cc4','[\"850f360e291913c9240fb9f96eede05d\", \"a5cd4004a928d949eaa4a351e551550a\"]'),('sorl-thumbnail||image||f4bc63b32730128035c2dc233db2283f','{\"storage\": \"django.core.files.storage.FileSystemStorage\", \"name\": \".jpeg_14\", \"size\": [752, 609]}'),('sorl-thumbnail||image||d9a7c5fbd8abe86ed6a731669c01a20c','{\"storage\": \"django.core.files.storage.FileSystemStorage\", \"name\": \"cache/70/eb/70eb57a887ff18584ed92df09f4bc947.jpg\", \"size\": [155, 185]}'),('sorl-thumbnail||thumbnails||f4bc63b32730128035c2dc233db2283f','[\"80153e5c1ed52f5efa0e1229915c616a\", \"d9a7c5fbd8abe86ed6a731669c01a20c\"]'),('sorl-thumbnail||image||6bbad02ebe5de6604c383e60bf26137e','{\"storage\": \"django.core.files.storage.FileSystemStorage\", \"name\": \"cache/1b/d6/1bd6ef506adb13bdc49224c8d4a4e5db.jpg\", \"size\": [95, 115]}'),('sorl-thumbnail||image||850f360e291913c9240fb9f96eede05d','{\"storage\": \"django.core.files.storage.FileSystemStorage\", \"name\": \"cache/f3/16/f316185df64611dad57b531a1695a576.jpg\", \"size\": [95, 115]}'),('sorl-thumbnail||image||80153e5c1ed52f5efa0e1229915c616a','{\"storage\": \"django.core.files.storage.FileSystemStorage\", \"name\": \"cache/43/02/4302b1a370070f4c15884f418427b246.jpg\", \"size\": [95, 115]}'),('sorl-thumbnail||image||ab9e6d8cfdaa632a592ce56641fa10f2','{\"storage\": \"django.core.files.storage.FileSystemStorage\", \"name\": \"cache/bc/db/bcdb82ff8e670b9debc8100fb9a381f7.jpg\", \"size\": [95, 115]}'),('sorl-thumbnail||image||12be1f6568d5fb4336148fcee6d9032e','{\"storage\": \"django.core.files.storage.FileSystemStorage\", \"name\": \".jpeg_18\", \"size\": [864, 948]}'),('sorl-thumbnail||image||f2a8c6bd5277fc575363606a89ad954d','{\"storage\": \"django.core.files.storage.FileSystemStorage\", \"name\": \"cache/fa/2a/fa2aa9a1580f9810730684753a6201fc.jpg\", \"size\": [155, 185]}'),('sorl-thumbnail||thumbnails||12be1f6568d5fb4336148fcee6d9032e','[\"c092d1bd7c8aab8108c896b4a0605ba1\", \"f2a8c6bd5277fc575363606a89ad954d\"]'),('sorl-thumbnail||image||28bf06ab4551dd0391c3a606123ed1db','{\"storage\": \"django.core.files.storage.FileSystemStorage\", \"name\": \"cache/7b/81/7b814fcd30cd61576ab038845c09f43e.jpg\", \"size\": [95, 115]}'),('sorl-thumbnail||image||df522ae089c669a559fc785b1abfe050','{\"storage\": \"django.core.files.storage.FileSystemStorage\", \"name\": \".jpeg_19\", \"size\": [404, 674]}'),('sorl-thumbnail||image||d2aa3a2f19ab4bf302d5e6ef5534a99b','{\"storage\": \"django.core.files.storage.FileSystemStorage\", \"name\": \"cache/ae/67/ae67663b74790b67187eae2a41639953.jpg\", \"size\": [155, 185]}'),('sorl-thumbnail||thumbnails||df522ae089c669a559fc785b1abfe050','[\"d2b96e93a6652a2dee66d222e185e370\", \"d2aa3a2f19ab4bf302d5e6ef5534a99b\"]'),('sorl-thumbnail||image||c092d1bd7c8aab8108c896b4a0605ba1','{\"storage\": \"django.core.files.storage.FileSystemStorage\", \"name\": \"cache/28/8b/288bd00d0680d9db61142a64430c0a83.jpg\", \"size\": [95, 115]}'),('sorl-thumbnail||image||e7a2f7e121ed1faebc99f7b049ab2eb2','{\"storage\": \"django.core.files.storage.FileSystemStorage\", \"name\": \".jpeg_20\", \"size\": [800, 492]}'),('sorl-thumbnail||image||f035c39552e5aaea8ee87b393c1ab3e9','{\"storage\": \"django.core.files.storage.FileSystemStorage\", \"name\": \"cache/6e/d4/6ed43baaa2a012fee55a7f465563640a.jpg\", \"size\": [155, 185]}'),('sorl-thumbnail||thumbnails||e7a2f7e121ed1faebc99f7b049ab2eb2','[\"f035c39552e5aaea8ee87b393c1ab3e9\", \"52615fdda9ffdad29a5285cb9453ba9a\"]'),('sorl-thumbnail||image||d2b96e93a6652a2dee66d222e185e370','{\"storage\": \"django.core.files.storage.FileSystemStorage\", \"name\": \"cache/43/36/43362dd391c00b53cc513a10b73ba315.jpg\", \"size\": [95, 115]}'),('sorl-thumbnail||image||00ed77b2e6a2d622d251ca9cf1e1b901','{\"storage\": \"django.core.files.storage.FileSystemStorage\", \"name\": \".jpeg_21\", \"size\": [720, 960]}'),('sorl-thumbnail||image||f65f2e16d52841c7e23a1f493a65cf96','{\"storage\": \"django.core.files.storage.FileSystemStorage\", \"name\": \"cache/fc/04/fc047a828b8d77fafec0e0af056bbaab.jpg\", \"size\": [155, 185]}'),('sorl-thumbnail||thumbnails||00ed77b2e6a2d622d251ca9cf1e1b901','[\"42920216ed13d72df8523d3db048a0de\", \"f65f2e16d52841c7e23a1f493a65cf96\"]'),('sorl-thumbnail||image||52615fdda9ffdad29a5285cb9453ba9a','{\"storage\": \"django.core.files.storage.FileSystemStorage\", \"name\": \"cache/47/91/47914f06354cad92c7d4c4d02a157764.jpg\", \"size\": [95, 115]}'),('sorl-thumbnail||image||42920216ed13d72df8523d3db048a0de','{\"storage\": \"django.core.files.storage.FileSystemStorage\", \"name\": \"cache/a8/38/a83892c3adb9601dd9337e1c8d1564fb.jpg\", \"size\": [95, 115]}'),('sorl-thumbnail||image||e62ada8935336f9a87a4610ea6232446','{\"storage\": \"django.core.files.storage.FileSystemStorage\", \"name\": \".jpeg_22\", \"size\": [480, 378]}'),('sorl-thumbnail||image||41bdcce081b389d84902a008918d1881','{\"storage\": \"django.core.files.storage.FileSystemStorage\", \"name\": \"cache/52/ac/52ac7ead53e2c386fceb439be2e80f92.jpg\", \"size\": [155, 185]}'),('sorl-thumbnail||thumbnails||e62ada8935336f9a87a4610ea6232446','[\"eb85eb3d5d6e739be209e8fe6b9078e3\", \"41bdcce081b389d84902a008918d1881\"]'),('sorl-thumbnail||image||4c0aef2a4c08dadca7403cb8fa12cd18','{\"storage\": \"django.core.files.storage.FileSystemStorage\", \"name\": \".jpeg_23\", \"size\": [354, 419]}'),('sorl-thumbnail||image||31449478a4f75747fe34b0c8e334489d','{\"storage\": \"django.core.files.storage.FileSystemStorage\", \"name\": \"cache/d8/ce/d8ce8e2318977899aa740a732b9e88f6.jpg\", \"size\": [155, 185]}'),('sorl-thumbnail||thumbnails||4c0aef2a4c08dadca7403cb8fa12cd18','[\"31449478a4f75747fe34b0c8e334489d\", \"631766fa144bf0ddf7642ec996aa59b1\"]'),('sorl-thumbnail||image||eb85eb3d5d6e739be209e8fe6b9078e3','{\"storage\": \"django.core.files.storage.FileSystemStorage\", \"name\": \"cache/00/5e/005e4c3f5a35d5abd33ee82390f9e2bd.jpg\", \"size\": [95, 115]}'),('sorl-thumbnail||image||e5dc846b7feb744dc807d19c28078989','{\"storage\": \"django.core.files.storage.FileSystemStorage\", \"name\": \"CE.jpeg\", \"size\": [1650, 1027]}'),('sorl-thumbnail||image||91683bbebe60d60c0afec8d2e17edc11','{\"storage\": \"django.core.files.storage.FileSystemStorage\", \"name\": \"cache/23/a3/23a3818b6a1024d1ec3c25d487d84989.jpg\", \"size\": [155, 185]}'),('sorl-thumbnail||thumbnails||e5dc846b7feb744dc807d19c28078989','[\"91683bbebe60d60c0afec8d2e17edc11\"]'),('sorl-thumbnail||image||631766fa144bf0ddf7642ec996aa59b1','{\"storage\": \"django.core.files.storage.FileSystemStorage\", \"name\": \"cache/3c/4c/3c4c03c00c6ada5deaea6bc58a9e56f8.jpg\", \"size\": [95, 115]}');
/*!40000 ALTER TABLE `thumbnail_kvstore` ENABLE KEYS */;
UNLOCK TABLES;
/*!40103 SET TIME_ZONE=@OLD_TIME_ZONE */;

/*!40101 SET SQL_MODE=@OLD_SQL_MODE */;
/*!40014 SET FOREIGN_KEY_CHECKS=@OLD_FOREIGN_KEY_CHECKS */;
/*!40014 SET UNIQUE_CHECKS=@OLD_UNIQUE_CHECKS */;
/*!40101 SET CHARACTER_SET_CLIENT=@OLD_CHARACTER_SET_CLIENT */;
/*!40101 SET CHARACTER_SET_RESULTS=@OLD_CHARACTER_SET_RESULTS */;
/*!40101 SET COLLATION_CONNECTION=@OLD_COLLATION_CONNECTION */;
/*!40111 SET SQL_NOTES=@OLD_SQL_NOTES */;

-- Dump completed on 2012-08-27 21:44:17
